Steam ID,Name,Kills,Deaths,K/D,Max kill streak,Kill(s) / minute,Death(s) / minute,Max death streak,Max TK streak,Death by TK,Death by TK Streak,(aprox.) Longest life min.,(aprox.) Shortest life secs.,Nemesis,Victim,Weapons,game_id
Steam ID,Potado Kush,72,4,18,31,1.31,0.07,1,2,0,0,23.00,8.00,=KSK-DARKCLOUD: 2,jkhayes2002: 5,"37MM CANNON [Stuart M5A1]: 29, 75MM CANNON [Sherman M4A3(75)W]: 28, COAXIAL M1919 [Stuart M5A1]: 8, COAXIAL M1919 [Sherman M4A3(75)W]: 7",https://server2.82nd.gg/#/gamescoreboard/29995
Steam ID,ReactNative,86,1,86,70,1.3,0.02,1,8,0,0,10.00,10.00,Bizzy: 1,Timi9: 6,"155MM HOWITZER [M114]: 85, S-MINE: 1",https://server2.82nd.gg/#/gamescoreboard/29993
Steam ID,SlavTheTom,67,3,22.33,29,0.9,0.04,1,0,1,1,29.00,5.00,rjma730: 2,[82ADR] MUSTANG_1944: 4,"COAXIAL DT [BA-10]: 27, 19-K 45MM [BA-10]: 22, 76MM ZiS-5 [T34/76]: 12, COAXIAL DT [T34/76]: 6",https://server2.82nd.gg/#/gamescoreboard/29986
Steam ID,SharpY--,78,26,3,17,0.89,0.3,3,0,0,0,16.00,0.00,Flaerp: 7,209: 6,"GEWEHR 43: 77, M43 STIELHANDGRANATE: 1",https://server2.82nd.gg/#/gamescoreboard/29977
Steam ID,[ARC] Spartan117,65,4,16.25,50,0.73,0.05,2,0,0,0,43.00,4.00,[82AD] unnerum: 1,[82AD] Mr-Bash: 5,"76MM M1 GUN [Sherman M4A3E2(76)]: 51, COAXIAL M1919 [Sherman M4A3E2(76)]: 11, 75MM CANNON [Sherman M4A3(75)W]: 3",https://server2.82nd.gg/#/gamescoreboard/29976
Steam ID,[ARC] Praday,76,40,1.9,12,0.86,0.45,5,0,0,0,6.00,1.00,[82ADr] ahliis: 5,[82ADr] Staed: 10,"M1 GARAND: 62, M1A1 THOMPSON: 11, SATCHEL: 2, M97 TRENCH GUN: 1",https://server2.82nd.gg/#/gamescoreboard/29976
Steam ID,[ARC] MaTej ‚òÖ„ÉÑ,75,30,2.5,9,0.84,0.34,3,0,0,0,8.00,0.00,[82AD] Hellbro: 3,[82AD] Thorpie: 7,"M1 GARAND: 72, MK2 GRENADE: 3",https://server2.82nd.gg/#/gamescoreboard/29976
Steam ID,[ARC] Ciro,81,19,4.26,34,0.92,0.21,5,4,0,0,18.00,1.00,[82AD] unnerum: 9,[82AD] Di0six: 9,"155MM HOWITZER [M114]: 77, M1A1 THOMPSON: 3, M1 GARAND: 1",https://server2.82nd.gg/#/gamescoreboard/29976
Steam ID,[ARC] Blee Hat,114,11,10.36,42,1.3,0.13,2,0,0,0,39.00,0.00,[82AD] Starlord: 5,[82AD] Poni: 29,"M1 GARAND: 107, M6 37mm [M8 Greyhound]: 7",https://server2.82nd.gg/#/gamescoreboard/29976
Steam ID,[82AD] ViceCop,75,46,1.63,8,0.86,0.53,5,3,2,1,7.00,0.00,[ARC] DAGOBAIR: 4,[126]FataGliz: 9,"GEWEHR 43: 65, M43 STIELHANDGRANATE: 5, MP40: 3, KARABINER 98K: 2",https://server2.82nd.gg/#/gamescoreboard/29976
Steam ID,Vini,66,23,2.87,13,0.75,0.26,4,0,1,1,11.00,1.00,Blitz: 4,Tookling: 6,"SVT40: 34, 122MM HOWITZER [M1938 (M-30)]: 20, PPSH 41 W/DRUM: 11, PPSH 41: 1",https://server2.82nd.gg/#/gamescoreboard/29961
Steam ID,Wusel,72,13,5.54,22,0.81,0.15,3,2,0,0,27.00,1.00,(WTH)BelgianHitman: 4,Vendetta: 4,"M1 GARAND: 39, BOMBING RUN: 24, STRAFING RUN: 8, UNKNOWN: 1",https://server2.82nd.gg/#/gamescoreboard/29947
Steam ID,SGT.Hagrid,105,3,35,53,1.21,0.03,1,4,2,1,47.00,-3.00,cOma: 1,Stanok: 7,"75MM CANNON [Sd.Kfz.171 Panther]: 69, COAXIAL MG34 [Sd.Kfz.171 Panther]: 28, WALTHER P38: 4, 50mm KwK 39/1 [Sd.Kfz.234 Puma]: 3, COAXIAL MG34 [Sd.Kfz.234 Puma]: 1",https://server2.82nd.gg/#/gamescoreboard/29944
Steam ID,ŒúŒπœáŒ±ŒÆŒª,82,22,3.73,12,0.94,0.25,3,0,2,1,9.00,1.00,fractial: 2,alwaysAnoob: 7,"KARABINER 98K: 71, PANZERSCHRECK: 5, MG42: 4, M43 STIELHANDGRANATE: 2",https://server2.82nd.gg/#/gamescoreboard/29941
Steam ID,TrashPanda,76,5,15.2,39,0.99,0.07,2,8,0,0,34.00,4.00,CaseyxBrez: 3,preston: 3,"75MM CANNON [Sd.Kfz.171 Panther]: 43, COAXIAL MG34 [Sd.Kfz.171 Panther]: 18, BOMBING RUN: 11, 20MM KWK 30 [Sd.Kfz.121 Luchs]: 2, UNKNOWN: 1, COAXIAL MG34 [Sd.Kfz.121 Luchs]: 1",https://server2.82nd.gg/#/gamescoreboard/29933
Steam ID,Seymour,69,13,5.31,51,0.91,0.17,5,4,2,1,24.00,0.00,Super Peanut: 4,Lou Sassle: 5,"155MM HOWITZER [M114]: 66, M1A1 THOMPSON: 3",https://server2.82nd.gg/#/gamescoreboard/29933
Steam ID,wiisports,81,31,2.61,18,0.92,0.35,3,1,2,1,13.00,0.00,Chocolate_Senpai: 5,ronald mcdonald: 5,"STG44: 72, KARABINER 98K: 7, M43 STIELHANDGRANATE: 2",https://server2.82nd.gg/#/gamescoreboard/29930
Steam ID,taktuk07,85,22,3.86,30,0.98,0.25,5,1,0,0,18.00,0.00,MasterofPuppets: 6,Punx: 8,"155MM HOWITZER [M114]: 65, M1 GARAND: 19, UNKNOWN: 1",https://server2.82nd.gg/#/gamescoreboard/29917
Steam ID,SMT,137,8,17.12,38,1.6,0.09,1,1,0,0,24.00,1.00,Maxmarius: 2,Abassi: 12,"KARABINER 98K x8: 127, WALTHER P38: 5, STG44: 4, UNKNOWN: 1",https://server2.82nd.gg/#/gamescoreboard/29913
Steam ID,Swordy084,65,0,65,65,1.26,0,0,5,0,0,0.00,167.00,,Hans: 6,155MM HOWITZER [M114]: 65,https://server2.82nd.gg/#/gamescoreboard/29900
Steam ID,STRUTCH FARM,66,27,2.44,13,0.76,0.31,4,0,1,1,12.00,0.00,Secret: 7,derschaufler: 9,"M1 GARAND: 60, MK2 GRENADE: 5, M3 KNIFE: 1",https://server2.82nd.gg/#/gamescoreboard/29884
Steam ID,Witus,82,25,3.28,22,0.94,0.29,3,0,1,1,9.00,1.00,WrathEffect: 3,Stanok: 8,"SVT40: 81, UNKNOWN: 1",https://server2.82nd.gg/#/gamescoreboard/29840
Steam ID,Y33T_CMAN,75,9,8.33,25,0.99,0.12,2,0,0,0,15.00,2.00,PK.01: 2,[18¬™] Hozico: 11,"MG42: 74, UNKNOWN: 1",https://server2.82nd.gg/#/gamescoreboard/29823
Steam ID,Punkreas,72,24,3,22,0.9,0.3,2,0,1,1,11.00,-1.00,IXxxVASHxxXI: 2,dexterrrrrrrr: 4,"M1 GARAND: 63, 155MM HOWITZER [M114]: 7, UNKNOWN: 1, MK2 GRENADE: 1",https://server2.82nd.gg/#/gamescoreboard/29819
Steam ID,Vyper,65,5,13,25,0.75,0.06,1,4,0,0,19.00,7.00,RagingSuppon: 2,[ITA]=BIA=Whitespiri: 5,"75MM CANNON [Sherman M4A3(75)W]: 24, 37MM CANNON [Stuart M5A1]: 23, COAXIAL M1919 [Stuart M5A1]: 9, COAXIAL M1919 [Sherman M4A3(75)W]: 5, 76MM M1 GUN [Sherman M4A3E2(76)]: 3, M1A1 AT MINE: 1",https://server2.82nd.gg/#/gamescoreboard/29814
Steam ID,Ronan10th,68,5,13.6,32,1.27,0.09,1,0,0,0,18.00,3.00,Holywhite: 1,XxWoodPiecexX: 6,"M1 GARAND: 65, BAZOOKA: 3",https://server2.82nd.gg/#/gamescoreboard/29808
Steam ID,Wolfigy,78,25,3.12,31,0.87,0.28,5,5,0,0,17.00,0.00,Bambo: 13,mden0896: 13,"150MM HOWITZER [sFH 18]: 53, KARABINER 98K: 20, S-MINE: 5",https://server2.82nd.gg/#/gamescoreboard/29798
Steam ID,Wielog≈Ç√≥w,70,17,4.12,42,0.79,0.19,8,6,0,0,24.00,0.00,Bambo: 9,Herppes: 6,"150MM HOWITZER [sFH 18]: 63, MP40: 7",https://server2.82nd.gg/#/gamescoreboard/29798
Steam ID,Moomin,66,30,2.2,12,0.76,0.34,5,0,0,0,12.00,1.00,Herppes: 3,Gabbo: 5,"MG42: 64, UNKNOWN: 1, LUGER P08: 1",https://server2.82nd.gg/#/gamescoreboard/29798
Steam ID,Minazuki Ruka,77,39,1.97,15,0.86,0.43,4,0,1,1,9.00,0.00,Moomin: 3,marcustapper: 6,"M1 GARAND: 73, MK2 GRENADE: 3, UNKNOWN: 1",https://server2.82nd.gg/#/gamescoreboard/29798
Steam ID,Roolius,84,21,4,25,0.95,0.24,4,1,1,1,15.00,0.00,Griff: 4,RADWIMPS_ZEN098: 4,"M1 GARAND: 80, BAZOOKA: 4",https://server2.82nd.gg/#/gamescoreboard/29767
Steam ID,–ö—É—á–∏,88,17,5.18,20,1.18,0.23,4,2,1,1,17.00,1.00,Void | Yeet: 2,Tynir The Goon: 4,"MP40: 78, SATCHEL: 7, M43 STIELHANDGRANATE: 2, KARABINER 98K: 1",https://server2.82nd.gg/#/gamescoreboard/29726
Steam ID,PolishCowboy,65,3,21.67,53,0.79,0.04,1,5,1,1,72.00,2.00,Soup: 2,=[EVI]=--OneShot->: 5,"150MM HOWITZER [sFH 18]: 64, KARABINER 98K: 1",https://server2.82nd.gg/#/gamescoreboard/29722
Steam ID,Uncle Bunkle Beard,96,46,2.09,9,1.14,0.55,4,1,1,1,8.00,0.00,[DC] Amp: 4,marko_blanco: 10,"M1 GARAND: 93, MK2 GRENADE: 2, UNKNOWN: 1",https://server2.82nd.gg/#/gamescoreboard/29720
Steam ID,Vojvoda Stevan,72,30,2.4,16,0.81,0.34,3,0,0,0,10.00,1.00,Pouki: 4,AghastSeum97: 4,"M1903 SPRINGFIELD: 69, M2 AP MINE: 3",https://server2.82nd.gg/#/gamescoreboard/29719
Steam ID,Thicccboye,92,45,2.04,8,1.01,0.49,5,0,1,1,7.00,0.00,[82AD] Kapital: 4,Zel√≠: 7,"STG44: 62, MP40: 29, UNKNOWN: 1",https://server2.82nd.gg/#/gamescoreboard/29708
Steam ID,Mr Spacemufin,85,7,12.14,75,1.27,0.1,2,2,0,0,32.00,0.00,Guillete: 2,KrissTorrio: 6,"76MM M1 GUN [Sherman M4A3E2(76)]: 64, COAXIAL M1919 [Sherman M4A3E2(76)]: 18, BROWNING M1919: 1, COAXIAL M1919 [M8 Greyhound]: 1, HULL M1919 [Sherman M4A3(75)W]: 1",https://server2.82nd.gg/#/gamescoreboard/29698
Steam ID,mK,71,20,3.55,13,1.0,0.28,2,0,1,1,13.00,1.00,Swellboy: 3,TATTOOine: 5,"MG42: 70, UNKNOWN: 1",https://server2.82nd.gg/#/gamescoreboard/29698
Steam ID,Thicccboye,73,31,2.35,12,0.94,0.4,3,0,0,0,7.00,1.00,_HighTunes_: 3,Golova: 5,"M1 GARAND: 53, M97 TRENCH GUN: 17, MK2 GRENADE: 2, UNKNOWN: 1",https://server2.82nd.gg/#/gamescoreboard/29697
Steam ID,Vinnuuu,154,10,15.4,76,1.77,0.11,2,7,1,1,17.00,3.00,Serman: 2,[BWCC] Ollie: 10,"150MM HOWITZER [sFH 18]: 146, MP40: 7, UNKNOWN: 1",https://server2.82nd.gg/#/gamescoreboard/29694
Steam ID,TRUMP2024,113,6,18.83,45,1.28,0.07,2,6,0,0,28.00,1.00,[82AD] Favouriteless: 2,XDroSaint: 7,"37MM CANNON [Stuart M5A1]: 48, 75MM CANNON [Sherman M4A3(75)W]: 39, COAXIAL M1919 [Sherman M4A3(75)W]: 10, COAXIAL M1919 [Stuart M5A1]: 10, HULL M1919 [Sherman M4A3(75)W]: 2, COLT M1911: 1, Opel Blitz (Transport): 1, M6 37mm [M8 Greyhound]: 1, HULL M1919 [Stuart M5A1]: 1",https://server2.82nd.gg/#/gamescoreboard/29694
Steam ID,Tangaterje,70,25,2.8,19,0.8,0.29,4,0,0,0,15.00,0.00,ScantyRadar: 4,"don't fly, travel by: 5","M1 GARAND: 69, BAZOOKA: 1",https://server2.82nd.gg/#/gamescoreboard/29655
Steam ID,OnesMore,71,8,8.88,20,1.64,0.19,2,0,0,0,10.00,1.00,[82AD] Biggles: 2,flipflops: 6,"KARABINER 98K: 48, STG44: 18, UNKNOWN: 3, PANZERSCHRECK: 2",https://server2.82nd.gg/#/gamescoreboard/29645
Steam ID,Misogi Kumagawa ÁêÉÁ£®Â∑ù,69,17,4.06,17,0.91,0.23,4,0,0,0,13.00,0.00,Vortex: 4,FanclubPL: 7,"KARABINER 98K: 63, WALTHER P38: 6",https://server2.82nd.gg/#/gamescoreboard/29643
Steam ID,Sniper_888,72,41,1.76,11,0.82,0.47,6,0,1,1,8.00,0.00,Amaretto: 4,Avocado: 4,"GEWEHR 43: 70, UNKNOWN: 2",https://server2.82nd.gg/#/gamescoreboard/29641
Steam ID,ThePunk,66,28,2.36,23,0.75,0.32,4,1,4,1,8.00,0.00,The Silent Centurion: 5,DragonFire212: 7,"GEWEHR 43: 60, M43 STIELHANDGRANATE: 6",https://server2.82nd.gg/#/gamescoreboard/29633
Steam ID,Tsavo,84,1,84,47,1.27,0.02,1,3,0,0,22.00,22.00,[WTH]mpitt: 1,BJ Racoon: 5,"150MM HOWITZER [sFH 18]: 83, M43 STIELHANDGRANATE: 1",https://server2.82nd.gg/#/gamescoreboard/29594
Steam ID,TheN0tS0mighty,84,24,3.5,23,1.09,0.31,3,0,1,1,10.00,1.00,PINK_PR1NCESS: 2,Munchies: 5,"GEWEHR 43: 77, WALTHER P38: 3, MP40: 2, UNKNOWN: 1, M43 STIELHANDGRANATE: 1",https://server2.82nd.gg/#/gamescoreboard/29575
Steam ID,ssd,76,10,7.6,37,0.83,0.11,3,1,0,0,16.00,2.00,TheN0tS0mighty: 1,Dwayne the Rockbotto: 5,"75MM M3 GUN [Sherman M4A3E2]: 30, 37MM CANNON [Stuart M5A1]: 20, COAXIAL M1919 [Sherman M4A3E2]: 7, COAXIAL M1919 [Stuart M5A1]: 5, M1918A2 BAR: 4, HULL M1919 [Stuart M5A1]: 3, HULL M1919 [Sherman M4A3E2(76)]: 2, 75MM CANNON [Sherman M4A3(75)W]: 1, Stuart M5A1: 1, COLT M1911: 1, HULL M1919: 1, HULL M1919 [Sherman M4A3(75)W]: 1",https://server2.82nd.gg/#/gamescoreboard/29575
Steam ID,Ronald Speirs.THC,71,12,5.92,14,0.86,0.14,2,0,0,0,15.00,1.00,derDude: 1,mr.mmm45445: 7,M1 GARAND: 71,https://server2.82nd.gg/#/gamescoreboard/29573
Steam ID,ventus,66,27,2.44,29,0.85,0.35,5,1,0,0,16.00,1.00,TriggerHappy: 3,Nut: 5,"BROWNING M1919: 52, M97 TRENCH GUN: 8, M1 CARBINE: 2, M1918A2 BAR: 2, M3 GREASE GUN: 2",https://server2.82nd.gg/#/gamescoreboard/29566
Steam ID,PuffDragon,65,16,4.06,17,0.89,0.22,6,0,0,0,16.00,1.00,[LS] KASON: 3,Chachingatan: 4,"M1 GARAND: 61, BAZOOKA: 4",https://server2.82nd.gg/#/gamescoreboard/29566
Steam ID,TenthDrake,79,13,6.08,32,1.03,0.17,3,13,1,1,15.00,1.00,Matticus Caesar: 3,TRman52: 5,"150MM HOWITZER [sFH 18]: 65, MP40: 7, M43 STIELHANDGRANATE: 5, KARABINER 98K: 2",https://server2.82nd.gg/#/gamescoreboard/29565
Steam ID,monolith,77,1,77,77,1.54,0.02,1,3,0,0,37.00,37.00,Luftwaffle: 1,red1der: 5,"150MM HOWITZER [sFH 18]: 74, KARABINER 98K: 2, UNKNOWN: 1",https://server2.82nd.gg/#/gamescoreboard/29564
Steam ID,PAR,74,12,6.17,35,1.1,0.18,3,0,0,0,23.00,1.00,Vrappydino: 4,BoJIoCbI_B_Hocy: 5,M1 GARAND: 74,https://server2.82nd.gg/#/gamescoreboard/29556
Steam ID,Wayrow,78,3,26,71,1.66,0.06,1,3,0,0,7.00,1.00,[DC] ReasoN: 1,MadLooK: 6,"75MM CANNON [Sd.Kfz.171 Panther]: 55, COAXIAL MG34 [Sd.Kfz.171 Panther]: 16, 20MM KWK 30 [Sd.Kfz.121 Luchs]: 4, WALTHER P38: 1, M8 Greyhound: 1, HULL MG34 [Sd.Kfz.171 Panther]: 1",https://server2.82nd.gg/#/gamescoreboard/29547
Steam ID,Toony,69,2,34.5,38,1.18,0.03,1,0,0,0,25.00,7.00,Llockie: 1,Kluckin_1: 5,"155MM HOWITZER [M114]: 59, M6 37mm [M8 Greyhound]: 7, COAXIAL M1919 [M8 Greyhound]: 3",https://server2.82nd.gg/#/gamescoreboard/29544
Steam ID,Spheres,66,2,33,55,0.75,0.02,1,8,0,0,79.00,7.00,Nils: 1,(WTH)Ograkk: 5,"76MM M1 GUN [Sherman M4A3E2(76)]: 43, COAXIAL M1919 [Sherman M4A3E2(76)]: 12, 75MM CANNON [Sherman M4A3(75)W]: 9, COAXIAL M1919 [Sherman M4A3(75)W]: 2",https://server2.82nd.gg/#/gamescoreboard/29538
Steam ID,Secret,66,17,3.88,17,1.16,0.3,7,0,0,0,10.00,1.00,Quh: 2,musekull: 4,"MG42: 65, GMC CCKW 353 (Transport): 1",https://server2.82nd.gg/#/gamescoreboard/29535
Steam ID,Tyrone,81,32,2.53,12,1.0,0.4,3,0,0,0,10.00,0.00,ABO TA3OOS: 6,Jezza: 6,"GEWEHR 43: 72, 150MM HOWITZER [sFH 18]: 9",https://server2.82nd.gg/#/gamescoreboard/29533
Steam ID,Tyrone,76,2,38,76,1.34,0.04,2,7,0,0,2.00,1.00,Alesmus: 2,citizen insane: 4,"150MM HOWITZER [sFH 18]: 75, GEWEHR 43: 1",https://server2.82nd.gg/#/gamescoreboard/29528
Steam ID,Sheriffi,137,0,137,137,1.6,0,0,3,0,0,0.00,167.00,,Pianos: 8,"150MM HOWITZER [sFH 18]: 136, UNKNOWN: 1",https://server2.82nd.gg/#/gamescoreboard/29518
Steam ID,Shwenn,79,30,2.63,10,1.04,0.39,4,1,1,1,7.00,-1.00,Lar: 4,nopo: 8,"STG44: 36, MG42: 22, 75MM CANNON [PAK 40]: 13, Sherman M4A3E2(76): 4, UNKNOWN: 3, KARABINER 98K: 1",https://server2.82nd.gg/#/gamescoreboard/29514
Steam ID,SlicingSouls,103,5,20.6,63,1.69,0.08,2,1,0,0,25.00,2.00,Bongo_Ahoy: 1,Bongo_Ahoy: 6,"76MM M1 GUN [Sherman M4A3E2(76)]: 69, COAXIAL M1919 [Sherman M4A3E2(76)]: 26, 75MM CANNON [Sherman M4A3(75)W]: 5, COAXIAL M1919 [Stuart M5A1]: 2, COAXIAL M1919 [Sherman M4A3(75)W]: 1",https://server2.82nd.gg/#/gamescoreboard/29512
Steam ID,Secret,67,13,5.15,26,1.01,0.2,1,0,1,1,9.00,0.00,hamuj72: 4,[82AD] JimmyHammer: 8,"MG42: 66, LUGER P08: 1",https://server2.82nd.gg/#/gamescoreboard/29510
Steam ID,Rassfj√∏l,65,23,2.83,14,0.79,0.28,3,2,0,0,10.00,0.00,[TC] Fred: 3,[82AD] Shaky T: 4,"KARABINER 98K: 58, PANZERSCHRECK: 4, M43 STIELHANDGRANATE: 3",https://server2.82nd.gg/#/gamescoreboard/29494
Steam ID,Spheres,97,1,97,97,2.21,0.02,1,0,0,0,43.00,43.00,Stanok: 1,Tetrium: 7,"76MM M1 GUN [Sherman M4A3E2(76)]: 55, 37MM CANNON [Stuart M5A1]: 22, COAXIAL M1919 [Sherman M4A3E2(76)]: 13, COAXIAL M1919 [Stuart M5A1]: 7",https://server2.82nd.gg/#/gamescoreboard/29486
Steam ID,z man b style,67,16,4.19,17,0.76,0.18,4,0,1,1,18.00,1.00,Vaudge: 3,1NF3RN0: 7,"M1903 SPRINGFIELD: 65, M2 AP MINE: 2",https://server2.82nd.gg/#/gamescoreboard/29463
Steam ID,tompars125,66,40,1.65,11,0.76,0.46,10,0,0,0,9.00,1.00,z man b style: 7,Mystic: 7,"KARABINER 98K: 59, M24 STIELHANDGRANATE: 3, MG42: 1, STG44: 1, S-MINE: 1, M43 STIELHANDGRANATE: 1",https://server2.82nd.gg/#/gamescoreboard/29463
Steam ID,Simon Templar,66,6,11,22,1.35,0.12,2,0,0,0,12.00,2.00,//GPM: 1,JDuff1010: 5,"MG42: 65, UNKNOWN: 1",https://server2.82nd.gg/#/gamescoreboard/29462
Steam ID,wolf_slab,72,7,10.29,23,1.09,0.11,2,0,0,0,20.00,3.00,shootsmart223: 2,Tekablok: 6,"COAXIAL M1919 [Sherman M4A3E2(76)]: 33, 37MM CANNON [Stuart M5A1]: 12, COAXIAL M1919 [Stuart M5A1]: 12, 76MM M1 GUN [Sherman M4A3E2(76)]: 7, BROWNING M1919: 6, 75MM CANNON [Sherman M4A3(75)W]: 1, COAXIAL M1919 [Sherman M4A3(75)W]: 1",https://server2.82nd.gg/#/gamescoreboard/29439
Steam ID,Stoney,65,23,2.83,11,0.99,0.35,5,1,0,0,9.00,1.00,shootsmart223: 2,RogueDraco: 5,"M1 GARAND: 35, M1918A2 BAR: 13, M97 TRENCH GUN: 10, M1 CARBINE: 6, UNKNOWN: 1",https://server2.82nd.gg/#/gamescoreboard/29439
Steam ID,PAR,86,24,3.58,29,1.08,0.3,3,0,0,0,18.00,1.00,MishaniaMD: 4,Zuchti: 5,"M1 GARAND: 81, UNKNOWN: 2, MK2 GRENADE: 2, BAZOOKA: 1",https://server2.82nd.gg/#/gamescoreboard/29437
Steam ID,yuki0,82,10,8.2,78,1.08,0.13,5,4,0,0,48.00,1.00,[82ADr] Raven: 3,LiquidVenom: 10,"155MM HOWITZER [M114]: 78, M1A1 THOMPSON: 2, UNKNOWN: 1, M2 AP MINE: 1",https://server2.82nd.gg/#/gamescoreboard/29435
Steam ID,Subs,82,5,16.4,49,0.98,0.06,2,3,0,0,44.00,2.00,¬∑–¢ —è √Æ –∫ √º: 2,Bean.exe: 8,"150MM HOWITZER [sFH 18]: 74, MP40: 7, M43 STIELHANDGRANATE: 1",https://server2.82nd.gg/#/gamescoreboard/29376
Steam ID,Zoli Garsa,71,34,2.09,10,0.8,0.38,4,0,0,0,11.00,0.00,general global muutt: 4,[82AD] Alwahda: 8,"STG44: 49, SATCHEL: 7, PANZERSCHRECK: 5, KARABINER 98K: 4, 75MM CANNON [PAK 40]: 3, M43 STIELHANDGRANATE: 2, IS-1: 1",https://server2.82nd.gg/#/gamescoreboard/29352
Steam ID,swellboy,79,29,2.72,9,0.87,0.32,4,0,1,1,8.00,0.00,[82AD] Hansen: 2,Len Rok: 5,"STG44: 75, SATCHEL: 2, UNKNOWN: 1, M43 STIELHANDGRANATE: 1",https://server2.82nd.gg/#/gamescoreboard/29349
Steam ID,Muse,78,3,26,56,1.38,0.05,1,0,0,0,32.00,9.00,J. Basilone: 1,The(c)Shibe: 5,"76MM M1 GUN [Sherman M4A3E2(76)]: 48, 75MM CANNON [Sherman M4A3(75)W]: 11, COAXIAL M1919 [Sherman M4A3E2(76)]: 8, M6 37mm [M8 Greyhound]: 5, COAXIAL M1919 [Sherman M4A3(75)W]: 3, COAXIAL M1919 [M8 Greyhound]: 2, 37MM CANNON [Stuart M5A1]: 1",https://server2.82nd.gg/#/gamescoreboard/29308
Steam ID,–ö–ê–†–ï–ù –ß–ï–†–ù–û–ú–û–†–°–ö–ò–•,74,14,5.29,35,0.87,0.16,3,2,0,0,22.00,1.00,Thorium: 2,[82AD] Rhys: 9,"150MM HOWITZER [sFH 18]: 63, GEWEHR 43: 10, M43 STIELHANDGRANATE: 1",https://server2.82nd.gg/#/gamescoreboard/29305
Steam ID,pyeboy123,69,2,34.5,63,1.3,0.04,1,2,0,0,44.00,4.00,[82AD]Adamuv Damage: 1,_Tarnished: 5,"150MM HOWITZER [sFH 18]: 67, UNKNOWN: 1, KARABINER 98K: 1",https://server2.82nd.gg/#/gamescoreboard/29297
Steam ID,Ranger0ftheNorth,95,28,3.39,16,1.08,0.32,3,0,0,0,12.00,1.00,[DC] Bleicher Junge: 8,[DC] Bleicher Junge: 8,"STG44: 92, M43 STIELHANDGRANATE: 3",https://server2.82nd.gg/#/gamescoreboard/29294
Steam ID,ÁßíËß£‰Ω†ÁöÑBra,70,16,4.38,25,1.32,0.3,2,3,0,0,12.00,1.00,WIndRinser: 2,(RUS) Helbrayn: 8,"M1 GARAND: 44, M1A1 THOMPSON: 19, MK2 GRENADE: 7",https://server2.82nd.gg/#/gamescoreboard/29272
Steam ID,TRUMP2024,68,20,3.4,34,1.28,0.38,8,0,0,0,15.00,0.00,karl: 2,BenichouTV: 5,"75MM CANNON [Sherman M4A3(75)W]: 36, M3 GREASE GUN: 9, 37MM CANNON [Stuart M5A1]: 9, COAXIAL M1919 [Stuart M5A1]: 6, BROWNING M1919: 4, COAXIAL M1919 [Sherman M4A3(75)W]: 2, HULL M1919 [Stuart M5A1]: 1, HULL M1919 [Sherman M4A3(75)W]: 1",https://server2.82nd.gg/#/gamescoreboard/29272
Steam ID,the_dylldolan,70,3,23.33,43,0.8,0.03,1,2,0,0,18.00,9.00,Squid: 1,SVEN-148: 5,"76MM M1 GUN [Sherman M4A3E2(76)]: 49, COAXIAL M1919 [Sherman M4A3E2(76)]: 16, 75MM CANNON [Sherman M4A3(75)W]: 4, COAXIAL M1919 [Sherman M4A3(75)W]: 1",https://server2.82nd.gg/#/gamescoreboard/29266
Steam ID,Pereira,87,27,3.22,19,0.99,0.31,3,0,0,0,12.00,1.00,Fluffybear97: 3,Bad times: 6,"M1 GARAND: 73, BAZOOKA: 8, MK2 GRENADE: 5, M3 KNIFE: 1",https://server2.82nd.gg/#/gamescoreboard/29266
Steam ID,SWEDEN2022HOT.SE,102,10,10.2,89,1.56,0.15,8,6,0,0,13.00,0.00,FilthyFRANK: 4,Knarrenh1: 6,"150MM HOWITZER [sFH 18]: 97, SATCHEL: 3, S-MINE: 1, UNKNOWN: 1",https://server2.82nd.gg/#/gamescoreboard/29264
Steam ID,Osprey,102,27,3.78,49,1.18,0.31,6,2,0,0,14.00,0.00,NahkaParturi: 6,Slinkan: 6,"150MM HOWITZER [sFH 18]: 77, MG42: 10, KARABINER 98K: 8, PANZERSCHRECK: 4, MP40: 2, UNKNOWN: 1",https://server2.82nd.gg/#/gamescoreboard/29261
Steam ID,Wired,65,34,1.91,8,0.76,0.4,3,0,0,0,8.00,1.00,jAny36: 3,Sneaky Git: 5,"M1 GARAND: 61, BAZOOKA: 2, MK2 GRENADE: 2",https://server2.82nd.gg/#/gamescoreboard/29259
Steam ID,Putin's gonna love m,65,30,2.17,22,0.74,0.34,4,1,0,0,24.00,0.00,Krieg Of Dumb: 3,Stensby: 5,"M1918A2 BAR: 40, 155MM HOWITZER [M114]: 22, UNKNOWN: 2, MK2 GRENADE: 1",https://server2.82nd.gg/#/gamescoreboard/29254
Steam ID,monolith,69,11,6.27,32,0.79,0.13,3,5,0,0,22.00,1.00,247JustinKees: 3,LetAng: 6,"155MM HOWITZER [M114]: 62, M1 GARAND: 5, M1918A2 BAR: 2",https://server2.82nd.gg/#/gamescoreboard/29234
Steam ID,Toony,89,2,44.5,89,2.7,0.06,2,0,0,0,28.00,3.00,Zuchti: 1,dolle.robin: 6,"155MM HOWITZER [M114]: 88, TELLERMINE 43: 1",https://server2.82nd.gg/#/gamescoreboard/29231
Steam ID,Tyrone,97,8,12.12,57,1.47,0.12,3,5,1,1,21.00,1.00,RAT: 4,Melkerwinz: 8,"155MM HOWITZER [M114]: 82, M1 GARAND: 15",https://server2.82nd.gg/#/gamescoreboard/29221
Steam ID,Tyrone,136,8,17,53,1.77,0.1,2,7,0,0,22.00,1.00,RoA Rdm.: 2,Melkerwinz: 8,"150MM HOWITZER [sFH 18]: 99, GEWEHR 43: 18, 75MM CANNON [Sd.Kfz.171 Panther]: 18, COAXIAL MG34 [Sd.Kfz.171 Panther]: 1",https://server2.82nd.gg/#/gamescoreboard/29218
Steam ID,tssseppanen,68,17,4,13,0.78,0.19,2,0,0,0,10.00,1.00,nExReaper: 4,Melkerwinz: 5,"KARABINER 98K x8: 65, WALTHER P38: 2, M43 STIELHANDGRANATE: 1",https://server2.82nd.gg/#/gamescoreboard/29218
Steam ID,nExReaper,75,21,3.57,9,0.86,0.24,2,0,0,0,8.00,1.00,TheFrisii: 2,Tekij√Ü: 6,"M97 TRENCH GUN: 58, M2 AP MINE: 6, MP40: 5, SATCHEL: 5, UNKNOWN: 1",https://server2.82nd.gg/#/gamescoreboard/29218
Steam ID,Tyrone,68,9,7.56,42,0.94,0.12,4,3,0,0,21.00,2.00,Solar: 1,S.S.O. | Towarzysz Z: 6,"88 KWK 36 L/56 [Sd.Kfz.181 Tiger 1]: 37, 75MM CANNON [Sd.Kfz.161 Panzer IV]: 14, COAXIAL MG34 [Sd.Kfz.181 Tiger 1]: 5, GEWEHR 43: 4, HULL MG34 [Sd.Kfz.161 Panzer IV]: 4, COAXIAL MG34 [Sd.Kfz.161 Panzer IV]: 4",https://server2.82nd.gg/#/gamescoreboard/29213
Steam ID,saud0albahli,85,5,17,48,1.04,0.06,1,0,0,0,28.00,1.00,henkerz: 2,thelordhunters1: 6,"75MM CANNON [Sherman M4A3(75)W]: 52, 37MM CANNON [Stuart M5A1]: 14, COAXIAL M1919 [Sherman M4A3(75)W]: 11, COAXIAL M1919 [Stuart M5A1]: 6, Stuart M5A1: 1, HULL M1919 [Stuart M5A1]: 1",https://server2.82nd.gg/#/gamescoreboard/29213
Steam ID,„ÄêLSP„ÄëMr.shuaÂë®ËÄçËÄç,114,33,3.45,13,1.37,0.4,2,0,2,1,8.00,0.00,Screwiez: 4,(RUS) Helbrayn: 11,"GEWEHR 43: 64, STG44: 40, SATCHEL: 4, M43 STIELHANDGRANATE: 3, MG42: 1, UNKNOWN: 1, GMC CCKW 353 (Transport): 1",https://server2.82nd.gg/#/gamescoreboard/29213
Steam ID,r√ñvenN‚ô•,77,12,6.42,41,1.03,0.16,5,0,0,0,15.00,1.00,KTM || Vulcano: 6,BlackyChanJapan: 7,"150MM HOWITZER [sFH 18]: 73, MP40: 2, UNKNOWN: 2",https://server2.82nd.gg/#/gamescoreboard/29202
Steam ID,ÂÖ´Èõ≤Â¢®,66,7,9.43,26,0.94,0.1,3,0,1,1,28.00,-1.00,taxcollector: 2,GlorytoUkraine: 4,"76MM M1 GUN [Sherman M4A3E2(76)]: 31, 37MM CANNON [Stuart M5A1]: 22, COAXIAL M1919 [Sherman M4A3E2(76)]: 9, COAXIAL M1919 [Stuart M5A1]: 4",https://server2.82nd.gg/#/gamescoreboard/29173
Steam ID,REDLEEEEEEEEEEEEEEEE,67,26,2.58,14,0.77,0.3,4,0,0,0,12.00,1.00,Nigel: 3,Akenost: 7,"M1 GARAND: 56, BOMBING RUN: 6, PRECISION STRIKE: 3, STRAFING RUN: 2",https://server2.82nd.gg/#/gamescoreboard/29168
Steam ID,Switcher,103,3,34.33,61,1.69,0.05,1,0,0,0,33.00,3.00,PAR: 1,Freedaddy: 10,"150MM HOWITZER [sFH 18]: 101, UNKNOWN: 1, GEWEHR 43: 1",https://server2.82nd.gg/#/gamescoreboard/29147
Steam ID,Sinnerman,70,24,2.92,14,0.79,0.27,5,3,0,0,11.00,1.00,Monstertov: 3,Moleratkid: 6,"M1A1 THOMPSON: 41, M1 CARBINE: 9, M1 GARAND: 7, MK2 GRENADE: 7, COLT M1911: 4, M3 KNIFE: 1, GMC CCKW 353 (Supply): 1",https://server2.82nd.gg/#/gamescoreboard/29144
Steam ID,Sinnerman,66,17,3.88,25,1.0,0.26,3,0,1,1,13.00,1.00,Purplesky: 3,Winky: 9,"KARABINER 98K: 56, WALTHER P38: 6, MP40: 1, UNKNOWN: 1, LUGER P08: 1, M24 STIELHANDGRANATE: 1",https://server2.82nd.gg/#/gamescoreboard/29142
Steam ID,Vash,74,0,74,74,1.16,0,0,6,0,0,0.00,167.00,,Cowboy: 12,155MM HOWITZER [M114]: 74,https://server2.82nd.gg/#/gamescoreboard/29141
Steam ID,SauerkrautFountain,96,24,4,24,1.45,0.36,3,0,0,0,9.00,0.00,Napelon: 4,Napelon: 12,"MG42: 92, UNKNOWN: 3, LUGER P08: 1",https://server2.82nd.gg/#/gamescoreboard/29141
Steam ID,panzerofthelake,72,15,4.8,54,1.46,0.3,6,1,0,0,15.00,1.00,Nemesis: 2,Saftschluerfer: 4,"150MM HOWITZER [sFH 18]: 53, STG44: 11, SATCHEL: 3, KARABINER 98K: 2, M43 STIELHANDGRANATE: 2, UNKNOWN: 1",https://server2.82nd.gg/#/gamescoreboard/29139
Steam ID,Tool Fox,104,60,1.73,14,1.2,0.69,4,0,2,1,5.00,0.00,Clarkeyyy: 5,Harry Davidson: 7,"STG44: 62, GEWEHR 43: 29, MP40: 6, S-MINE: 5, M43 STIELHANDGRANATE: 2",https://server2.82nd.gg/#/gamescoreboard/29113
Steam ID,Thelol182,68,33,2.06,16,0.79,0.38,5,0,0,0,10.00,0.00,Clarkeyyy: 7,Avaljud: 5,"FG42 x4: 39, KARABINER 98K x8: 25, S-MINE: 4",https://server2.82nd.gg/#/gamescoreboard/29113
Steam ID,Slippy[DK],78,20,3.9,11,0.92,0.24,2,0,0,0,13.00,1.00,mazda787b: 3,Sohmono: 5,"STG44: 71, M43 STIELHANDGRANATE: 5, UNKNOWN: 2",https://server2.82nd.gg/#/gamescoreboard/29107
Steam ID,The Machinegunner,124,20,6.2,21,1.45,0.23,3,0,1,1,9.00,1.00,mazda787b: 2,siepa3: 7,"MG34: 122, WALTHER P38: 1, GMC CCKW 353 (Transport): 1",https://server2.82nd.gg/#/gamescoreboard/29105
Steam ID,Stocky,71,37,1.92,10,0.81,0.42,6,0,1,1,9.00,1.00,X10 Academy | Algori: 4,garf: 7,"MP40: 67, UNKNOWN: 2, M43 STIELHANDGRANATE: 2",https://server2.82nd.gg/#/gamescoreboard/29088
Steam ID,NooK,73,23,3.17,22,0.88,0.28,3,0,0,0,13.00,0.00,Maj RazorMudDog: 2,DatGravyMix: 6,"KARABINER 98K x8: 67, WALTHER P38: 5, FG42 x4: 1",https://server2.82nd.gg/#/gamescoreboard/29087
Steam ID,Walt,76,16,4.75,18,0.87,0.18,4,0,0,0,18.00,1.00,D3T0X: 3,ginger6readman0: 5,"MG42: 70, MG34: 6",https://server2.82nd.gg/#/gamescoreboard/29081
Steam ID,Uncle Elf,83,30,2.77,34,0.94,0.34,5,4,0,0,14.00,1.00,ùêï!ùê∞ùêöùê¨: 4,Knifeagent701: 5,"MG34: 41, 150MM HOWITZER [sFH 18]: 41, WALTHER P38: 1",https://server2.82nd.gg/#/gamescoreboard/29081
Steam ID,Skrewie,72,13,5.54,19,0.82,0.15,3,0,0,0,23.00,1.00,The Chocolate Jesus: 2,Rex Longbone: 5,"MG42: 68, LUGER P08: 2, GMC CCKW 353 (Supply): 2",https://server2.82nd.gg/#/gamescoreboard/29081
Steam ID,tiibetin spaniel,66,30,2.2,20,0.73,0.33,8,1,2,1,10.00,0.00,Rischo: 5,Ale: 6,"STG44: 65, M43 STIELHANDGRANATE: 1",https://server2.82nd.gg/#/gamescoreboard/29078
Steam ID,WILLIE,67,8,8.38,62,0.84,0.1,4,3,0,0,26.00,0.00,CurlyCloud: 5,Kim L. Z.: 6,"150MM HOWITZER [sFH 18]: 65, GEWEHR 43: 2",https://server2.82nd.gg/#/gamescoreboard/29067
Steam ID,SneakSilver,107,14,7.64,36,1.36,0.18,2,0,1,1,11.00,1.00,Ol' Han√ü: 3,L1yle: 6,BROWNING M1919: 107,https://server2.82nd.gg/#/gamescoreboard/29053
Steam ID,ùìü.ùìö.ùìö-Nona‚ò≠ËØ∫Â®ú,71,43,1.65,10,0.69,0.42,5,4,0,0,8.00,0.00,Blackwing: 7,Ogruf. 743: 7,"KARABINER 98K: 62, M43 STIELHANDGRANATE: 9",https://server2.82nd.gg/#/gamescoreboard/29047
Steam ID,WIB,78,17,4.59,12,1.14,0.25,2,0,1,1,11.00,1.00,II NIGHT RIDER II: 3,Grylls: 9,"MOSIN NAGANT 1891: 76, UNKNOWN: 1, RG-42 GRENADE: 1",https://server2.82nd.gg/#/gamescoreboard/29038
Steam ID,WL55,73,42,1.74,10,0.83,0.48,4,0,1,1,8.00,0.00,Victory: 5,Avaljud: 4,"GEWEHR 43: 69, M43 STIELHANDGRANATE: 3, WALTHER P38: 1",https://server2.82nd.gg/#/gamescoreboard/29022
Steam ID,Ruffo Coli,66,20,3.3,24,0.76,0.23,4,0,0,0,17.00,1.00,lung juice: 3,SolidNutt: 5,"75MM CANNON [Sd.Kfz.161 Panzer IV]: 21, GEWEHR 43: 19, STG44: 12, M43 STIELHANDGRANATE: 5, COAXIAL MG34 [Sd.Kfz.181 Tiger 1]: 4, COAXIAL MG34 [Sd.Kfz.161 Panzer IV]: 3, MP40: 1, UNKNOWN: 1",https://server2.82nd.gg/#/gamescoreboard/29011
Steam ID,Tsavo,78,15,5.2,31,0.89,0.17,3,1,0,0,17.00,1.00,You can now ragequit: 8,sga: 6,"150MM HOWITZER [sFH 18]: 73, MP40: 5",https://server2.82nd.gg/#/gamescoreboard/28966
Steam ID,Tobyisback,83,3,27.67,77,1.43,0.05,2,0,1,1,22.00,7.00,Waki: 1,Bobo Mauser: 5,"75MM CANNON [Sd.Kfz.171 Panther]: 57, 20MM KWK 30 [Sd.Kfz.121 Luchs]: 16, COAXIAL MG34 [Sd.Kfz.171 Panther]: 6, COAXIAL MG34 [Sd.Kfz.121 Luchs]: 2, Sd.Kfz.171 Panther: 1, GMC CCKW 353 (Transport): 1",https://server2.82nd.gg/#/gamescoreboard/28964
Steam ID,Trigger,83,25,3.32,24,1.03,0.31,4,0,1,1,10.00,1.00,Snatch: 3,shammarieagle: 5,"MG42: 57, MG34: 24, UNKNOWN: 1, GMC CCKW 353 (Supply): 1",https://server2.82nd.gg/#/gamescoreboard/28932
Steam ID,Pereira,75,28,2.68,10,0.94,0.35,4,1,1,1,8.00,0.00,E: 3,Joe Biden Grabs Azz: 6,"MG42: 34, KARABINER 98K: 32, PANZERSCHRECK: 3, UNKNOWN: 2, LUGER P08: 2, M43 STIELHANDGRANATE: 2",https://server2.82nd.gg/#/gamescoreboard/28932
Steam ID,Nase,71,9,7.89,23,0.9,0.11,2,0,0,0,20.00,1.00,But Do I: 2,Patrick Bateman: 4,"BROWNING M1919: 47, M1 GARAND: 19, BAZOOKA: 3, UNKNOWN: 1, COLT M1911: 1",https://server2.82nd.gg/#/gamescoreboard/28932
Steam ID,SESH || R1fleX,78,31,2.52,12,1.41,0.56,2,0,0,0,5.00,0.00,Stocky: 4,Stocky: 6,"M1 GARAND: 73, BAZOOKA: 4, Sd.Kfz.121 Luchs: 1",https://server2.82nd.gg/#/gamescoreboard/28924
Steam ID,SESH || R1fleX,95,31,3.06,11,1.12,0.37,4,0,2,1,8.00,0.00,Corn: 3,Lethanyr: 7,"SVT40: 64, MOSIN NAGANT M38: 26, RG-42 GRENADE: 3, UNKNOWN: 2",https://server2.82nd.gg/#/gamescoreboard/28922
Steam ID,Signevad,66,7,9.43,35,0.78,0.08,3,3,0,0,24.00,3.00,Chip: 3,pjetro-one: 7,"75MM CANNON [Sd.Kfz.161 Panzer IV]: 29, 88 KWK 36 L/56 [Sd.Kfz.181 Tiger 1]: 19, COAXIAL MG34 [Sd.Kfz.161 Panzer IV]: 13, COAXIAL MG34 [Sd.Kfz.181 Tiger 1]: 4, COAXIAL MG34 [Sd.Kfz.171 Panther]: 1",https://server2.82nd.gg/#/gamescoreboard/28921
Steam ID,Secret,94,36,2.61,12,1.07,0.41,3,0,0,0,8.00,0.00,[82AD] Hellbro: 9,SpartanCt7567: 6,"MG42: 92, LUGER P08: 2",https://server2.82nd.gg/#/gamescoreboard/28915
Steam ID,Womanizer,81,38,2.13,8,0.93,0.44,4,0,5,1,5.00,1.00,[z@x]SukMikeHok: 5,FireIsHere: 6,"GEWEHR 43: 77, M43 STIELHANDGRANATE: 4",https://server2.82nd.gg/#/gamescoreboard/28909
Steam ID,Summer,65,6,10.83,31,1.84,0.17,3,0,0,0,16.00,1.00,FaDeS: 1,Slurtti: 5,"76MM M1 GUN [Sherman M4A3E2(76)]: 26, 75MM CANNON [Sherman M4A3(75)W]: 19, STRAFING RUN: 9, 37MM CANNON [Stuart M5A1]: 5, COAXIAL M1919 [Sherman M4A3E2(76)]: 4, COAXIAL M1919 [Sherman M4A3(75)W]: 2",https://server2.82nd.gg/#/gamescoreboard/28908
Steam ID,swellboy,71,20,3.55,19,0.81,0.23,7,0,0,0,15.00,0.00,[StDb] w1nter: 5,Voorwartz: 5,"M1 GARAND: 69, MK2 GRENADE: 1, M3 GREASE GUN: 1",https://server2.82nd.gg/#/gamescoreboard/28907
Steam ID,Sergeant Jesus,71,2,35.5,58,0.81,0.02,1,2,0,0,61.00,8.00,Secret: 1,Damned Neutral: 4,"76MM M1 GUN [Sherman M4A3E2(76)]: 28, 75MM CANNON [Sherman M4A3(75)W]: 23, COAXIAL M1919 [Sherman M4A3(75)W]: 9, COAXIAL M1919 [Sherman M4A3E2(76)]: 8, M1A1 THOMPSON: 2, TELLERMINE 43: 1",https://server2.82nd.gg/#/gamescoreboard/28905
Steam ID,Schultzie,74,18,4.11,12,0.88,0.21,3,0,0,0,13.00,1.00,|LoW|thedrunkenmonke: 4,Lorem: 8,"FG42 x4: 55, KARABINER 98K x8: 18, FELDSPATEN: 1",https://server2.82nd.gg/#/gamescoreboard/28903
Steam ID,Tango18,70,11,6.36,36,0.79,0.12,3,1,0,0,28.00,1.00,Razz_The_Spazz: 5,Jimbob1991: 4,"155MM HOWITZER [M114]: 64, M1 GARAND: 6",https://server2.82nd.gg/#/gamescoreboard/28885
Steam ID,Ralf,68,38,1.79,17,0.78,0.43,8,0,1,1,7.00,0.00,üòàWargossüòà: 6,Charly: 4,"M1 GARAND: 51, BAZOOKA: 12, MK2 GRENADE: 5",https://server2.82nd.gg/#/gamescoreboard/28883
Steam ID,RADWIMPS_ZEN098,66,2,33,65,1.65,0.05,1,7,1,1,24.00,5.00,Nimrodt: 1,Sapass: 6,"150MM HOWITZER [sFH 18]: 63, MP40: 3",https://server2.82nd.gg/#/gamescoreboard/28881
Steam ID,Styken,65,8,8.12,31,0.74,0.09,2,0,0,0,37.00,1.00,vanDyk: 3,The Chocolate Jesus: 4,"MG34: 64, ZIS-5 (Supply): 1",https://server2.82nd.gg/#/gamescoreboard/28876
Steam ID,[82AD] ViceCop,73,10,7.3,14,0.9,0.12,1,0,0,0,21.00,1.00,Pete: 2,[BWCC] PAHEY: 7,"M1 GARAND: 38, GEWEHR 43: 33, MK2 GRENADE: 1, M43 STIELHANDGRANATE: 1",https://server2.82nd.gg/#/gamescoreboard/28867
Steam ID,Tsavo,80,0,80,80,1.23,0,0,1,0,0,0.00,167.00,,RippieZ: 6,"150MM HOWITZER [sFH 18]: 78, MP40: 1, GMC CCKW 353 (Transport): 1",https://server2.82nd.gg/#/gamescoreboard/28857
Steam ID,TriggerHappy,65,35,1.86,17,0.74,0.4,4,0,1,1,8.00,0.00,seekNDstroy99: 8,Flowerpot: 7,MG42: 65,https://server2.82nd.gg/#/gamescoreboard/28848
Steam ID,Tyrone,121,1,121,108,2.42,0.02,1,2,0,0,42.00,42.00,Tasty: 1,Flowerpot: 9,"155MM HOWITZER [M114]: 119, UNKNOWN: 2",https://server2.82nd.gg/#/gamescoreboard/28842
Steam ID,Stocky,78,43,1.81,12,0.81,0.45,8,0,0,0,9.00,0.00,[EXDr]DFFX: 5,[EXDr]DFFX: 7,"STG44: 72, M43 STIELHANDGRANATE: 4, UNKNOWN: 2",https://server2.82nd.gg/#/gamescoreboard/28831
Steam ID,smokeybassoon73,70,9,7.78,41,0.73,0.09,3,6,1,1,25.00,1.00,Justcallme.tino: 1,Onelung: 7,"75MM CANNON [Sd.Kfz.161 Panzer IV]: 29, 88 KWK 36 L/56 [Sd.Kfz.181 Tiger 1]: 17, MG34: 9, 75MM CANNON [Sd.Kfz.171 Panther]: 6, COAXIAL MG34 [Sd.Kfz.161 Panzer IV]: 5, COAXIAL MG34 [Sd.Kfz.171 Panther]: 3, COAXIAL MG34 [Sd.Kfz.181 Tiger 1]: 1",https://server2.82nd.gg/#/gamescoreboard/28831
Steam ID,99Leshen99,69,13,5.31,51,2.07,0.39,5,1,0,0,12.00,0.00,ArthurAvalon: 2,ghettorat: 5,"150MM HOWITZER [sFH 18]: 51, KARABINER 98K: 17, M24 STIELHANDGRANATE: 1",https://server2.82nd.gg/#/gamescoreboard/28829
Steam ID,‹î‹õ‹î‹îKnee,82,33,2.48,19,0.93,0.37,6,0,2,1,9.00,1.00,indus: 4,DeadPixel: 5,"M1 GARAND: 81, M1A1 THOMPSON: 1",https://server2.82nd.gg/#/gamescoreboard/28812
Steam ID,Viking,68,0,68,68,1.61,0,0,10,0,0,0.00,167.00,,Wrecker: 6,150MM HOWITZER [sFH 18]: 68,https://server2.82nd.gg/#/gamescoreboard/28808
Steam ID,SL√ÑVonac.exe,128,13,9.85,113,1.47,0.15,2,1,1,1,33.00,2.00,Oddball: 2,Mr. e-Zee: 9,"150MM HOWITZER [sFH 18]: 112, KARABINER 98K: 8, STG44: 2, M43 STIELHANDGRANATE: 2, UNKNOWN: 1, GEWEHR 43: 1, M2 AP MINE: 1, TELLERMINE 43: 1",https://server2.82nd.gg/#/gamescoreboard/28791
Steam ID,–ö–ê–†–ï–ù –ß–ï–†–ù–û–ú–û–†–°–ö–ò–•,66,14,4.71,30,0.9,0.19,3,2,0,0,15.00,1.00,HLL.PL | HAJZER: 3,Magellan: 4,"150MM HOWITZER [sFH 18]: 48, GEWEHR 43: 17, M43 STIELHANDGRANATE: 1",https://server2.82nd.gg/#/gamescoreboard/28790
Steam ID,Olaf,70,29,2.41,15,0.93,0.39,3,0,0,0,7.00,1.00,Tompork: 4,Rezkin-Gurh: 6,"MP40: 68, LUGER P08: 1, M43 STIELHANDGRANATE: 1",https://server2.82nd.gg/#/gamescoreboard/28787
Steam ID,Ol' Dirty Bastard,98,20,4.9,32,1.13,0.23,5,4,1,1,27.00,1.00,HESilentmad: 7,Andhound: 7,"155MM HOWITZER [M114]: 91, M1A1 THOMPSON: 5, S-MINE: 2",https://server2.82nd.gg/#/gamescoreboard/28787
Steam ID,SP,92,28,3.29,15,1.05,0.32,2,0,1,1,17.00,0.00,gulyaliastoobel: 3,–ò—Ç–≥—ç–ª: 6,"FG42 x4: 86, UNKNOWN: 3, S-MINE: 1, M2 AP MINE: 1, KARABINER 98K x8: 1",https://server2.82nd.gg/#/gamescoreboard/28782
Steam ID,Ronald Speirs.THC,72,9,8,17,0.82,0.1,3,0,0,0,20.00,1.00,Ol' Dirty Bastard: 5,Carthus: 4,STG44: 72,https://server2.82nd.gg/#/gamescoreboard/28782
Steam ID,Stocky,65,11,5.91,45,1.17,0.2,4,0,0,0,13.00,1.00,Parozzo: 2,jeffreyday101: 6,"150MM HOWITZER [sFH 18]: 45, GEWEHR 43: 19, UNKNOWN: 1",https://server2.82nd.gg/#/gamescoreboard/28774
Steam ID,Summer,89,2,44.5,76,1.02,0.02,1,2,0,0,20.00,10.00,Granger: 1,Zack_Attack: 8,"76MM M1 GUN [Sherman M4A3E2(76)]: 72, COAXIAL M1919 [Sherman M4A3E2(76)]: 11, 75MM CANNON [Sherman M4A3(75)W]: 6",https://server2.82nd.gg/#/gamescoreboard/28772
Steam ID,tevfik,67,16,4.19,22,0.76,0.18,2,0,0,0,12.00,1.00,[82AD] PisiJiK: 3,Boba Bean: 5,"MG42: 62, GEWEHR 43: 3, LUGER P08: 2",https://server2.82nd.gg/#/gamescoreboard/28759
Steam ID,Raste,65,10,6.5,25,0.74,0.11,2,0,0,0,24.00,0.00,Alzheimer cowboy: 1,Stonecold216: 5,MG42: 65,https://server2.82nd.gg/#/gamescoreboard/28759
Steam ID,Nolhek,69,10,6.9,20,0.78,0.11,3,0,0,0,20.00,1.00,Cptn Winterz: 3,RsK JokeR: 5,"MG42: 65, LUGER P08: 4",https://server2.82nd.gg/#/gamescoreboard/28759
Steam ID,WILLIE,73,1,73,40,1.54,0.02,1,2,0,0,28.00,28.00,[82AD] Sickb0y: 1,Herr Dude: 6,"155MM HOWITZER [M114]: 70, TELLERMINE 43: 2, M1 CARBINE: 1",https://server2.82nd.gg/#/gamescoreboard/28745
Steam ID,Summer,80,2,40,63,2.54,0.06,1,0,0,0,22.00,8.00,Sgt. Nimura: 2,Sgt. Nimura: 7,"76MM M1 GUN [Sherman M4A3E2(76)]: 51, 75MM CANNON [Sherman M4A3(75)W]: 16, COAXIAL M1919 [Sherman M4A3E2(76)]: 12, COAXIAL M1919 [Sherman M4A3(75)W]: 1",https://server2.82nd.gg/#/gamescoreboard/28744
Steam ID,primal,70,16,4.38,46,0.78,0.18,4,9,0,0,42.00,1.00,inCubus: 2,-=RED=-: 6,"155MM HOWITZER [M114]: 55, M1A1 THOMPSON: 13, UNKNOWN: 1, TELLERMINE 43: 1",https://server2.82nd.gg/#/gamescoreboard/28742
Steam ID,Trxppyace,70,5,14,52,0.8,0.06,2,3,3,3,48.00,-1.00,Tarbulla: 2,BodyStacka16: 5,"75MM M3 GUN [Sherman M4A3E2]: 29, 155MM HOWITZER [M114]: 24, 76MM M1 GUN [Sherman M4A3E2(76)]: 10, COAXIAL M1919 [Sherman M4A3E2]: 2, 75MM CANNON [Sherman M4A3(75)W]: 2, COAXIAL M1919 [Sherman M4A3(75)W]: 2, COAXIAL M1919 [Sherman M4A3E2(76)]: 1",https://server2.82nd.gg/#/gamescoreboard/28722
Steam ID,RIFLEMEN '22,102,25,4.08,13,1.81,0.44,4,1,0,0,11.00,0.00,Cecil826: 4,Tylor: 6,MG42: 102,https://server2.82nd.gg/#/gamescoreboard/28720
Steam ID,Thagomizer,66,20,3.3,21,0.76,0.23,6,0,0,0,26.00,1.00,Alpo: 4,Yoanfer: 5,"M1903 SPRINGFIELD: 65, COLT M1911: 1",https://server2.82nd.gg/#/gamescoreboard/28718
Steam ID,Piggepingu,66,25,2.64,16,0.75,0.28,4,0,0,0,12.00,1.00,palmito: 2,holliday5234: 6,"GEWEHR 43: 61, MP40: 2, UNKNOWN: 2, FELDSPATEN: 1",https://server2.82nd.gg/#/gamescoreboard/28717
Steam ID,[82ADr] Rip,82,46,1.78,17,1.02,0.57,5,0,1,1,6.00,0.00,[82AD] Ghost^Recon: 13,[82AD] gem: 17,"STG44: 51, M1 GARAND: 27, MK2 GRENADE: 2, M43 STIELHANDGRANATE: 2",https://server2.82nd.gg/#/gamescoreboard/28703
Steam ID,[82AD] Jarvenhill,65,47,1.38,9,0.75,0.54,4,0,0,0,10.00,0.00,[82AD] gem: 12,[82AD] Rubd: 14,"MP40: 27, M1 GARAND: 26, GEWEHR 43: 8, M43 STIELHANDGRANATE: 4",https://server2.82nd.gg/#/gamescoreboard/28703
Steam ID,[82AD] God,66,43,1.53,7,0.76,0.49,4,1,0,0,6.00,0.00,[82AD] Cahoots: 10,[82AD] Cahoots: 15,"GEWEHR 43: 20, M1A1 THOMPSON: 15, STG44: 14, M1 GARAND: 12, MK2 GRENADE: 3, M43 STIELHANDGRANATE: 2",https://server2.82nd.gg/#/gamescoreboard/28703
Steam ID,[82AD] Ghost^Recon,67,56,1.2,7,0.76,0.64,7,0,1,1,4.00,0.00,[82ADr] Rip: 13,[82ADr] Rip: 13,"GEWEHR 43: 33, M1A1 THOMPSON: 10, M1 GARAND: 9, M43 STIELHANDGRANATE: 6, MP40: 4, STG44: 3, MK2 GRENADE: 2",https://server2.82nd.gg/#/gamescoreboard/28703
Steam ID,[82AD] gem,65,69,0.94,6,0.75,0.79,9,0,0,0,6.00,0.00,[82ADr] Rip: 17,[82ADr] daerB: 13,"GEWEHR 43: 35, M1 GARAND: 24, M43 STIELHANDGRANATE: 3, MK2 GRENADE: 2, M3 KNIFE: 1",https://server2.82nd.gg/#/gamescoreboard/28703
Steam ID,Smith,70,30,2.33,14,0.88,0.38,4,0,0,0,9.00,0.00,McDiddy: 6,pudding: 7,"MG34: 40, KARABINER 98K: 23, S-MINE: 5, UNKNOWN: 2",https://server2.82nd.gg/#/gamescoreboard/28693
Steam ID,Stocky,77,34,2.26,16,0.88,0.39,5,1,1,1,7.00,0.00,[82AD] God: 6,CreatrixVaratio: 5,"M1 GARAND: 67, BAZOOKA: 6, MK2 GRENADE: 4",https://server2.82nd.gg/#/gamescoreboard/28661
Steam ID,U2F | ANDREEV,89,29,3.07,38,1.01,0.33,6,8,0,0,11.00,0.00,L: 5,Alex: 5,"150MM HOWITZER [sFH 18]: 56, MG42: 16, STG44: 4, KARABINER 98K: 4, MP40: 3, 75MM CANNON [PAK 40]: 3, M43 STIELHANDGRANATE: 2, GEWEHR 43: 1",https://server2.82nd.gg/#/gamescoreboard/28655
Steam ID,–ö–ê–†–ï–ù –ß–ï–†–ù–û–ú–û–†–°–ö–ò–•,89,22,4.05,26,1.01,0.25,4,3,0,0,9.00,1.00,BajaMaliKnindzaSRB: 8,KGB: 7,"155MM HOWITZER [M114]: 81, M1 CARBINE: 6, UNKNOWN: 2",https://server2.82nd.gg/#/gamescoreboard/28654
Steam ID,SugarPie.Zero,67,27,2.48,12,0.76,0.3,4,0,0,0,10.00,1.00,[DC] Elwahir: 2,Lar: 5,"STG44: 41, MG42: 24, GEWEHR 43: 2",https://server2.82nd.gg/#/gamescoreboard/28654
Steam ID,Nilkson,77,37,2.08,13,0.88,0.42,5,0,0,0,7.00,0.00,DaIMP: 3,Sharpshooter: 7,"STG44: 76, M43 STIELHANDGRANATE: 1",https://server2.82nd.gg/#/gamescoreboard/28654
Steam ID,[82AD] gem,73,16,4.56,73,0.81,0.18,11,0,0,0,37.00,0.00,[82AD] Ghost^Recon: 6,[82AD] Kenny: 7,"M1 GARAND: 70, FELDSPATEN: 2, M3 KNIFE: 1",https://server2.82nd.gg/#/gamescoreboard/28648
Steam ID,Nolhek,69,8,8.62,26,1.44,0.17,2,1,0,0,16.00,1.00,The wierd one: 2,lotus: 6,"MG42: 67, LUGER P08: 2",https://server2.82nd.gg/#/gamescoreboard/28645
Steam ID,SESH || Mocha Cafe,125,50,2.5,11,1.42,0.57,5,0,0,0,7.00,1.00,[82AD] R3mba: 5,Kenny: 11,"GEWEHR 43: 103, KARABINER 98K: 9, STG44: 7, FG42: 4, PANZERSCHRECK: 1, MG 42 [Sd.Kfz 251 Half-track]: 1",https://server2.82nd.gg/#/gamescoreboard/28642
Steam ID,SESH || Mocha Cafe,81,27,3,13,1.21,0.4,3,0,0,0,11.00,1.00,Winston: 4,Jakilli: 5,"M1 GARAND: 71, BAZOOKA: 8, MK2 GRENADE: 2",https://server2.82nd.gg/#/gamescoreboard/28639
Steam ID,–ö–ê–†–ï–ù –ß–ï–†–ù–û–ú–û–†–°–ö–ò–•,84,27,3.11,26,1.11,0.36,6,3,0,0,15.00,0.00,Jakilli: 8,Rhothan: 7,"150MM HOWITZER [sFH 18]: 68, GEWEHR 43: 15, M1A1 AT MINE: 1",https://server2.82nd.gg/#/gamescoreboard/28635
Steam ID,Raven,68,17,4,57,0.86,0.22,8,1,1,1,23.00,1.00,Jakilli: 5,[82ADr] Yebbert=VX9=: 6,"150MM HOWITZER [sFH 18]: 57, GEWEHR 43: 11",https://server2.82nd.gg/#/gamescoreboard/28635
Steam ID,Pan Dr≈æka,96,1,96,71,1.1,0.01,1,8,0,0,34.00,34.00,[82AD] Victrix: 1,Sgt.Rex: 7,"150MM HOWITZER [sFH 18]: 95, MP40: 1",https://server2.82nd.gg/#/gamescoreboard/28631
Steam ID,Skaeat,75,6,12.5,19,1.22,0.1,1,0,1,1,19.00,3.00,Mike: 1,Bbugger: 10,M1A1 THOMPSON: 75,https://server2.82nd.gg/#/gamescoreboard/28611
Steam ID,Roktmanskip‚Ñ¢,77,6,12.83,32,0.9,0.07,1,1,0,0,25.00,5.00,L334m: 2,Merp.: 4,"75MM CANNON [Sherman M4A3(75)W]: 44, 155MM HOWITZER [M114]: 13, COAXIAL M1919 [Sherman M4A3(75)W]: 8, 37MM CANNON [Stuart M5A1]: 6, 76MM M1 GUN [Sherman M4A3E2(76)]: 3, COAXIAL M1919 [Stuart M5A1]: 2, COAXIAL M1919 [Sherman M4A3E2(76)]: 1",https://server2.82nd.gg/#/gamescoreboard/28607
Steam ID,Summer,116,2,58,106,1.77,0.03,1,0,0,0,50.00,11.00,mochy47: 1,BlackHawk: 6,"75MM CANNON [Sd.Kfz.161 Panzer IV]: 56, 88 KWK 36 L/56 [Sd.Kfz.181 Tiger 1]: 46, COAXIAL MG34 [Sd.Kfz.181 Tiger 1]: 7, COAXIAL MG34 [Sd.Kfz.161 Panzer IV]: 6, M1A1 AT MINE: 1",https://server2.82nd.gg/#/gamescoreboard/28595
Steam ID,Smelly Chicken,92,3,30.67,37,1.04,0.03,1,4,0,0,29.00,10.00,N00bzzy: 1,(CRO)Simix96: 6,"75MM CANNON [Sd.Kfz.161 Panzer IV]: 42, 75MM CANNON [Sd.Kfz.171 Panther]: 33, COAXIAL MG34 [Sd.Kfz.171 Panther]: 8, COAXIAL MG34 [Sd.Kfz.161 Panzer IV]: 7, M1A1 AT MINE: 2",https://server2.82nd.gg/#/gamescoreboard/28585
Steam ID,oddisee,68,8,8.5,23,0.78,0.09,2,0,0,0,20.00,1.00,Nils: 2,N00bzzy: 5,"75MM CANNON [Sd.Kfz.171 Panther]: 30, 75MM CANNON [Sd.Kfz.161 Panzer IV]: 19, COAXIAL MG34 [Sd.Kfz.171 Panther]: 9, COAXIAL MG34 [Sd.Kfz.161 Panzer IV]: 7, COAXIAL MG34 [Sd.Kfz.121 Luchs]: 2, 20MM KWK 30 [Sd.Kfz.121 Luchs]: 1",https://server2.82nd.gg/#/gamescoreboard/28585
Steam ID,ÊòØÂº†Ê∞èÂëÄ,153,3,51,91,1.76,0.03,1,1,0,0,49.00,8.00,Druid [JOMS]: 1,[82AD] Soundbust: 7,"75MM CANNON [Sd.Kfz.161 Panzer IV]: 134, COAXIAL MG34 [Sd.Kfz.161 Panzer IV]: 18, UNKNOWN: 1",https://server2.82nd.gg/#/gamescoreboard/28581
Steam ID,‰∏çÊâæÂõõÂÖ≠,121,5,24.2,51,1.38,0.06,2,6,0,0,34.00,1.00,Dill: 2,SoppierSoap 3529: 9,"150MM HOWITZER [sFH 18]: 53, 50mm KwK 39/1 [Sd.Kfz.234 Puma]: 38, COAXIAL MG34 [Sd.Kfz.234 Puma]: 12, 20MM KWK 30 [Sd.Kfz.121 Luchs]: 10, KARABINER 98K: 5, GEWEHR 43: 2, COAXIAL MG34 [Sd.Kfz.121 Luchs]: 1",https://server2.82nd.gg/#/gamescoreboard/28581
Steam ID,Zachyus,70,14,5,23,0.95,0.19,5,1,0,0,27.00,1.00,squashmango: 2,Mighty Golden Otter: 4,"150MM HOWITZER [sFH 18]: 21, 20MM KWK 30 [Sd.Kfz.121 Luchs]: 21, 50mm KwK 39/1 [Sd.Kfz.234 Puma]: 8, COAXIAL MG34 [Sd.Kfz.121 Luchs]: 6, COAXIAL MG34 [Sd.Kfz.234 Puma]: 5, KARABINER 98K: 5, MP40: 2, UNKNOWN: 1, M43 STIELHANDGRANATE: 1",https://server2.82nd.gg/#/gamescoreboard/28561
Steam ID,Tompork,65,29,2.24,15,0.9,0.4,2,0,1,1,12.00,0.00,ruegs5241: 2,GamingWizard604: 3,"M1A1 THOMPSON: 43, MG34: 15, GEWEHR 43: 4, MK2 GRENADE: 2, UNKNOWN: 1",https://server2.82nd.gg/#/gamescoreboard/28561
Steam ID,–úr. Mraz,74,25,2.96,14,0.85,0.29,4,1,1,1,9.00,1.00,Ollie: 3,LOKI: 6,"MP40: 69, LUGER P08: 3, M43 STIELHANDGRANATE: 2",https://server2.82nd.gg/#/gamescoreboard/28557
Steam ID,Tfurca,74,23,3.22,17,0.84,0.26,3,0,1,1,9.00,1.00,tlv0000: 3,Egg: 6,"GEWEHR 43: 70, M43 STIELHANDGRANATE: 4",https://server2.82nd.gg/#/gamescoreboard/28557
Steam ID,Paul476,71,16,4.44,47,1.01,0.23,5,4,0,0,20.00,0.00,cubix.the: 2,ABC: 4,"150MM HOWITZER [sFH 18]: 46, STG44: 11, MP40: 8, MG42: 4, S-MINE: 1, KARABINER 98K: 1",https://server2.82nd.gg/#/gamescoreboard/28554
Steam ID,TripleZer0,99,1,99,93,1.55,0.02,1,2,0,0,11.00,11.00,Mistros: 1,Rodp3: 6,"76MM M1 GUN [Sherman M4A3E2(76)]: 63, COAXIAL M1919 [Sherman M4A3E2(76)]: 30, HULL M1919 [Stuart M5A1]: 6",https://server2.82nd.gg/#/gamescoreboard/28541
Steam ID,Pike's Pirate,71,4,17.75,34,0.8,0.05,1,1,0,0,20.00,10.00,-[HRAF]BubiHUN: 2,Hubert Gringle: 5,"76MM M1 GUN [Sherman M4A3E2(76)]: 43, 75MM CANNON [Sherman M4A3(75)W]: 15, COAXIAL M1919 [Sherman M4A3E2(76)]: 10, COAXIAL M1919 [Sherman M4A3(75)W]: 3",https://server2.82nd.gg/#/gamescoreboard/28537
Steam ID,Raste,66,27,2.44,15,0.75,0.31,4,0,0,0,18.00,1.00,[82ADr] Gaalsson: 3,denLette: 6,"MG42: 60, 75MM CANNON [PAK 40]: 4, LUGER P08: 1, GMC CCKW 353 (Supply): 1",https://server2.82nd.gg/#/gamescoreboard/28531
Steam ID,RedRebelCork,75,15,5,32,1.33,0.27,3,0,0,0,8.00,1.00,CE01: 2,chevana: 5,"M1 GARAND: 74, MK2 GRENADE: 1",https://server2.82nd.gg/#/gamescoreboard/28506
Steam ID,Petar,65,3,21.67,35,1.3,0.06,1,3,0,0,25.00,3.00,Kamber56: 1,_Ageo_: 6,"75MM CANNON [Sd.Kfz.171 Panther]: 33, 75MM CANNON [Sd.Kfz.161 Panzer IV]: 20, COAXIAL MG34 [Sd.Kfz.171 Panther]: 9, COAXIAL MG34 [Sd.Kfz.161 Panzer IV]: 2, 50mm KwK 39/1 [Sd.Kfz.234 Puma]: 1",https://server2.82nd.gg/#/gamescoreboard/28506
Steam ID,STRUTCH FARM,88,58,1.52,10,1.01,0.67,4,1,0,0,8.00,0.00,AppleCider: 5,Barracuda: 11,"M1 GARAND: 53, MK2 GRENADE: 18, M1A1 THOMPSON: 11, M1 CARBINE: 5, UNKNOWN: 1",https://server2.82nd.gg/#/gamescoreboard/28505
Steam ID,STRUTCH FARM,77,35,2.2,12,0.88,0.4,4,0,2,1,9.00,0.00,Sgt Bob: 3,Zinka9: 8,"M1 GARAND: 70, MK2 GRENADE: 6, UNKNOWN: 1",https://server2.82nd.gg/#/gamescoreboard/28501
Steam ID,RIFLEMEN '22,74,13,5.69,35,0.83,0.15,3,4,0,0,27.00,0.00,johnatan: 2,lucas3500: 5,"150MM HOWITZER [sFH 18]: 33, 155MM HOWITZER [M114]: 31, KARABINER 98K: 3, GEWEHR 43: 2, TELLERMINE 43: 2, STG44: 1, M97 TRENCH GUN: 1, M24 STIELHANDGRANATE: 1",https://server2.82nd.gg/#/gamescoreboard/28501
Steam ID,Void | s(k)rtt,75,16,4.69,42,1.03,0.22,4,3,0,0,16.00,0.00,[82AD] God: 10,[82AD] Ghost^Recon: 8,"150MM HOWITZER [sFH 18]: 64, GEWEHR 43: 10, UNKNOWN: 1",https://server2.82nd.gg/#/gamescoreboard/28500
Steam ID,//KillSwitcH,69,42,1.64,9,1.0,0.61,4,1,1,1,7.00,0.00,[82AD] Rubd: 4,[82AD] Cannonfodder: 7,"STG44: 66, M43 STIELHANDGRANATE: 3",https://server2.82nd.gg/#/gamescoreboard/28500
Steam ID,phx.Floranius,87,35,2.49,21,0.96,0.39,4,5,1,1,9.00,0.00,H.E.A.T: 4,Tsavo: 6,"STG44: 41, KARABINER 98K: 15, M43 STIELHANDGRANATE: 12, PANZERSCHRECK: 7, MP40: 5, SATCHEL: 3, UNKNOWN: 2, 150MM HOWITZER [sFH 18]: 2",https://server2.82nd.gg/#/gamescoreboard/28468
Steam ID,ylli,69,16,4.31,28,0.78,0.18,8,1,0,0,27.00,0.00,BajaMaliKnindzaSRB: 2,Pruhd: 6,"155MM HOWITZER [M114]: 59, M1 CARBINE: 6, S-MINE: 1, M1 GARAND: 1, M1918A2 BAR: 1, TELLERMINE 43: 1",https://server2.82nd.gg/#/gamescoreboard/28467
Steam ID,soupyquinn‚ùÖ,70,4,17.5,63,1.24,0.07,2,1,0,0,43.00,2.00,SvittLoff: 2,GFE_Skrillex: 6,"155MM HOWITZER [M114]: 69, M1A1 AT MINE: 1",https://server2.82nd.gg/#/gamescoreboard/28465
Steam ID,Tyrone,69,4,17.25,27,1.15,0.07,1,0,0,0,22.00,3.00,s33n: 1,Nihil Baxter: 6,"155MM HOWITZER [M114]: 50, HULL M1919 [Sherman M4A3(75)W]: 8, M1A1 THOMPSON: 7, Sherman M4A3(75)W: 4",https://server2.82nd.gg/#/gamescoreboard/28464
Steam ID,Ruffy--D,65,2,32.5,33,1.31,0.04,1,3,0,0,33.00,10.00,Ironikzz: 1,DDD: 4,"75MM CANNON [Sd.Kfz.171 Panther]: 59, COAXIAL MG34 [Sd.Kfz.171 Panther]: 6",https://server2.82nd.gg/#/gamescoreboard/28459
Steam ID,remix,67,0,67,67,3.13,0,0,8,0,0,0.00,167.00,,PinkPantie: 5,150MM HOWITZER [sFH 18]: 67,https://server2.82nd.gg/#/gamescoreboard/28450
Steam ID,Ruralli,78,2,39,70,1.68,0.04,1,1,0,0,28.00,15.00,Buck: 1,GetWreckedByKek28: 5,"150MM HOWITZER [sFH 18]: 69, MP40: 9",https://server2.82nd.gg/#/gamescoreboard/28446
Steam ID,Thelogger,68,1,68,65,1.23,0.02,1,2,0,0,7.00,7.00,FoxyVipping: 1,KironTheFox: 6,150MM HOWITZER [sFH 18]: 68,https://server2.82nd.gg/#/gamescoreboard/28443
Steam ID,Spacklarn,66,25,2.64,11,1.19,0.45,5,0,0,0,6.00,0.00,Thelogger: 4,-=*Swellboi*=-: 8,SVT40: 66,https://server2.82nd.gg/#/gamescoreboard/28443
Steam ID,wolfblood,85,34,2.5,9,1.24,0.5,3,0,1,1,7.00,0.00,[82AD] Kolstad: 4,adam: 5,"MP40: 49, KARABINER 98K: 26, SATCHEL: 8, PANZERSCHRECK: 1, M43 STIELHANDGRANATE: 1",https://server2.82nd.gg/#/gamescoreboard/28441
Steam ID,pt,110,17,6.47,48,1.25,0.19,2,3,0,0,23.00,0.00,Zoraprostafa: 8,railhz: 8,"150MM HOWITZER [sFH 18]: 102, STG44: 8",https://server2.82nd.gg/#/gamescoreboard/28418
Steam ID,Warlord 4 charity,69,29,2.38,9,0.86,0.36,2,0,0,0,6.00,0.00,(WTH) Sychxx: 3,Valday: 6,"M1 GARAND: 65, BAZOOKA: 3, UNKNOWN: 1",https://server2.82nd.gg/#/gamescoreboard/28413
Steam ID,–úr. Mraz,162,11,14.73,79,2.2,0.15,1,0,0,0,14.00,1.00,GHOSTSTORIES: 3,the demo man: 12,"MG42: 159, LUGER P08: 3",https://server2.82nd.gg/#/gamescoreboard/28403
Steam ID,Wayrow,96,4,24,48,1.13,0.05,2,3,0,0,39.00,4.00,Zerrakan: 1,Default.Whore: 7,"76MM M1 GUN [Sherman M4A3E2(76)]: 65, COAXIAL M1919 [Sherman M4A3E2(76)]: 30, M1 GARAND: 1",https://server2.82nd.gg/#/gamescoreboard/28391
Steam ID,Summer,90,5,18,55,1.45,0.08,2,1,1,1,20.00,1.00,Pyrrhrick: 2,Manic: 8,"76MM M1 GUN [Sherman M4A3E2(76)]: 72, COAXIAL M1919 [Sherman M4A3E2(76)]: 11, 75MM CANNON [Sherman M4A3(75)W]: 3, S-MINE: 1, M1 GARAND: 1, TELLERMINE 43: 1, COAXIAL M1919 [Sherman M4A3(75)W]: 1",https://server2.82nd.gg/#/gamescoreboard/28381
Steam ID,ylli,66,13,5.08,55,0.75,0.15,6,1,0,0,49.00,1.00,RIP: 3,jscar321: 4,"150MM HOWITZER [sFH 18]: 57, KARABINER 98K: 7, M24 STIELHANDGRANATE: 2",https://server2.82nd.gg/#/gamescoreboard/28380
Steam ID,Shellcarnage,76,5,15.2,66,0.85,0.06,2,2,0,0,60.00,1.00,[82AD]brijnders: 2,ynto: 8,"150MM HOWITZER [sFH 18]: 69, MP40: 5, M1A1 AT MINE: 1, M43 STIELHANDGRANATE: 1",https://server2.82nd.gg/#/gamescoreboard/28376
Steam ID,V0yak,71,29,2.45,15,0.9,0.37,3,1,0,0,10.00,1.00,old man dave: 3,Ironikzz: 4,"M1 GARAND: 57, M1918A2 BAR: 10, MK2 GRENADE: 3, UNKNOWN: 1",https://server2.82nd.gg/#/gamescoreboard/28375
Steam ID,Tom,107,25,4.28,16,1.32,0.31,3,0,0,0,12.00,1.00,Schulc312: 3,TAW | Chimera: 5,"GEWEHR 43: 106, M43 STIELHANDGRANATE: 1",https://server2.82nd.gg/#/gamescoreboard/28375
Steam ID,nopo,76,22,3.45,49,1.38,0.4,6,0,0,0,18.00,0.00,[82ADr] Gaalsson: 3,Mr_Potato: 5,"150MM HOWITZER [sFH 18]: 49, GEWEHR 43: 25, UNKNOWN: 2",https://server2.82nd.gg/#/gamescoreboard/28374
Steam ID,Mezei,79,12,6.58,35,0.89,0.13,2,0,1,1,22.00,1.00,velgard: 2,{P2D}P1kes: 7,"KARABINER 98K x8: 76, WALTHER P38: 3",https://server2.82nd.gg/#/gamescoreboard/28372
Steam ID,RowanMaBoot,65,22,2.95,24,0.93,0.31,4,0,3,1,12.00,1.00,DrPoopsie: 3,Hr_Hansen: 5,"FG42 x4: 62, S-MINE: 3",https://server2.82nd.gg/#/gamescoreboard/28361
Steam ID,Ziur Nosaj,83,3,27.67,81,1.86,0.07,1,1,0,0,30.00,5.00,SUNNYTATER: 2,EMESBE: 6,"155MM HOWITZER [M114]: 81, M1 CARBINE: 1, MK2 GRENADE: 1",https://server2.82nd.gg/#/gamescoreboard/28359
Steam ID,Tompork,80,4,20,74,2.77,0.14,2,9,0,0,2.00,0.00,Wladimir: 1,Wladimir: 5,"150MM HOWITZER [sFH 18]: 70, GEWEHR 43: 8, M43 STIELHANDGRANATE: 2",https://server2.82nd.gg/#/gamescoreboard/28358
Steam ID,ShockedPumpkin,76,29,2.62,22,0.86,0.33,5,0,0,0,11.00,0.00,Exp3rtNoob: 4,(WTH) Juxzta: 10,"GEWEHR 43: 54, MP40: 20, MG42: 2",https://server2.82nd.gg/#/gamescoreboard/28333
Steam ID,SleepyJoe,70,15,4.67,28,0.77,0.17,3,0,1,1,28.00,1.00,Moistvelvet: 2,Cable: 6,"M1 GARAND: 52, 155MM HOWITZER [M114]: 12, BAZOOKA: 4, MK2 GRENADE: 2",https://server2.82nd.gg/#/gamescoreboard/28332
Steam ID,YuriCorn,95,5,19,37,1.08,0.06,2,2,0,0,19.00,1.00,Rammy: 2,Hidden: 4,"76MM M1 GUN [Sherman M4A3E2(76)]: 47, 75MM CANNON [Sherman M4A3(75)W]: 26, COAXIAL M1919 [Sherman M4A3E2(76)]: 12, 37MM CANNON [Stuart M5A1]: 5, COAXIAL M1919 [Sherman M4A3(75)W]: 4, COAXIAL M1919 [Stuart M5A1]: 1",https://server2.82nd.gg/#/gamescoreboard/28321
Steam ID,Tompork,105,21,5,63,1.2,0.24,3,1,0,0,25.00,1.00,RADWIMPS_ZEN098: 6,Mr.MassiveBallson: 7,"155MM HOWITZER [M114]: 78, M1918A2 BAR: 14, M1 CARBINE: 6, M1A1 THOMPSON: 5, UNKNOWN: 1, MK2 GRENADE: 1",https://server2.82nd.gg/#/gamescoreboard/28321
Steam ID,Spud,67,3,22.33,43,0.77,0.03,1,0,0,0,44.00,9.00,Falter: 1,L334m: 6,"76MM M1 GUN [Sherman M4A3E2(76)]: 30, 75MM CANNON [Sherman M4A3(75)W]: 21, COAXIAL M1919 [Sherman M4A3E2(76)]: 13, HULL M1919 [Sherman M4A3E2(76)]: 2, Sherman M4A3(75)W: 1",https://server2.82nd.gg/#/gamescoreboard/28321
Steam ID,TripleZer0,66,17,3.88,19,0.75,0.19,3,1,0,0,21.00,0.00,Fregga: 3,Lightsaak: 8,"KARABINER 98K x8: 37, FG42 x4: 24, S-MINE: 1, UNKNOWN: 1, WALTHER P38: 1, KARABINER 98K: 1, M43 STIELHANDGRANATE: 1",https://server2.82nd.gg/#/gamescoreboard/28319
Steam ID,Pvt. LongRifle [10th,99,13,7.62,90,1.85,0.24,5,5,1,1,19.00,0.00,Marillion: 11,Maskot: 9,"155MM HOWITZER [M114]: 96, Opel Blitz (Supply): 1, M6 37mm [M8 Greyhound]: 1, COAXIAL M1919 [M8 Greyhound]: 1",https://server2.82nd.gg/#/gamescoreboard/28317
Steam ID,raptor,119,10,11.9,71,1.45,0.12,4,6,0,0,45.00,0.00,[82AD] praisegh02: 6,[82AD] praisegh02: 9,"150MM HOWITZER [sFH 18]: 104, KARABINER 98K: 9, MP40: 4, STG44: 1, S-MINE: 1",https://server2.82nd.gg/#/gamescoreboard/28310
Steam ID,Step Grandad,83,17,4.88,34,0.95,0.19,5,1,0,0,16.00,0.00,kHaus: 5,[82ADr] Hi: 7,"150MM HOWITZER [sFH 18]: 54, GEWEHR 43: 27, UNKNOWN: 1, M43 STIELHANDGRANATE: 1",https://server2.82nd.gg/#/gamescoreboard/28292
Steam ID,Vega,73,7,10.43,49,0.82,0.08,2,2,0,0,48.00,0.00,Mepher: 4,Obly: 4,"150MM HOWITZER [sFH 18]: 68, MP40: 5",https://server2.82nd.gg/#/gamescoreboard/28290
Steam ID,Nona‚ò≠ËØ∫Â®ú–ù–æ–Ω–∞,78,22,3.55,13,0.88,0.25,3,0,1,1,15.00,0.00,[82AD] PisiJiK: 3,captainjamaica: 8,"MG42: 74, UNKNOWN: 2, S-MINE: 1, KARABINER 98K: 1",https://server2.82nd.gg/#/gamescoreboard/28290
Steam ID,STHyper,76,36,2.11,8,0.86,0.41,3,0,0,0,6.00,1.00,[82ADr] Mike Lawry: 4,TripleZer0: 5,"GEWEHR 43: 29, KARABINER 98K: 27, STG44: 19, M43 STIELHANDGRANATE: 1",https://server2.82nd.gg/#/gamescoreboard/28288
Steam ID,Mr.shuaÂë®ËÄçËÄç,93,46,2.02,10,1.16,0.57,4,3,1,1,6.00,0.00,F4LLeN Orbit: 5,OrHor: 6,"GEWEHR 43: 51, STG44: 34, M43 STIELHANDGRANATE: 5, SATCHEL: 3",https://server2.82nd.gg/#/gamescoreboard/28280
Steam ID,SnaggyDuck,85,3,28.33,85,1.18,0.04,2,2,0,0,58.00,3.00,Mavi: 1,Richard Da Wolfy: 7,"75MM CANNON [Sd.Kfz.171 Panther]: 68, COAXIAL MG34 [Sd.Kfz.171 Panther]: 17",https://server2.82nd.gg/#/gamescoreboard/28258
Steam ID,Neatbumpluk,67,2,33.5,40,0.9,0.03,1,2,0,0,57.00,11.00,samu: 1,7734cargo: 5,"150MM HOWITZER [sFH 18]: 66, MP40: 1",https://server2.82nd.gg/#/gamescoreboard/28250
Steam ID,Stonewall,65,17,3.82,24,0.82,0.21,4,9,0,0,16.00,0.00,Staed: 2,Nova: 4,"BOMBING RUN: 40, MP40: 14, STRAFING RUN: 8, PRECISION STRIKE: 2, LUGER P08: 1",https://server2.82nd.gg/#/gamescoreboard/28228
Steam ID,Simon0103,72,35,2.06,29,0.87,0.42,5,2,0,0,14.00,0.00,Golder: 3,Hot Dog Seven: 5,"MP40: 29, 150MM HOWITZER [sFH 18]: 28, GEWEHR 43: 10, M43 STIELHANDGRANATE: 5",https://server2.82nd.gg/#/gamescoreboard/28228
Steam ID,ReactNative,93,8,11.62,48,1.62,0.14,2,2,1,1,12.00,1.00,Invader: 5,Jungus: 8,"150MM HOWITZER [sFH 18]: 87, 50mm KwK 39/1 [Sd.Kfz.234 Puma]: 3, MP40: 2, MG42: 1",https://server2.82nd.gg/#/gamescoreboard/28211
Steam ID,Â®ÅÂªâÂ∞ëÊ†°,84,4,21,66,0.97,0.05,2,12,0,0,40.00,1.00,ColesArmy: 1,Zi: 6,"150MM HOWITZER [sFH 18]: 82, STG44: 2",https://server2.82nd.gg/#/gamescoreboard/28210
Steam ID,Seborg,66,10,6.6,36,0.76,0.11,2,0,1,1,34.00,1.00,FCM: 2,aRustyBattleDroid: 5,"KARABINER 98K x8: 39, FG42 x4: 25, FELDSPATEN: 1, WALTHER P38: 1",https://server2.82nd.gg/#/gamescoreboard/28210
Steam ID,Sammy,87,16,5.44,16,1.59,0.29,3,0,1,1,8.00,1.00,ZopecOG: 4,Dominic James: 7,MG42: 87,https://server2.82nd.gg/#/gamescoreboard/28209
Steam ID,Nolhek,72,27,2.67,10,0.88,0.33,5,1,0,0,10.00,1.00,[82ADr] ViceCop: 4,Hairywarhero: 6,"GEWEHR 43: 30, MG42: 23, MG34: 14, LUGER P08: 4, M43 STIELHANDGRANATE: 1",https://server2.82nd.gg/#/gamescoreboard/28189
Steam ID,Pruhd,127,1,127,125,1.65,0.01,1,3,0,0,67.00,67.00,Skifode: 1,TheAsian: 7,"75MM CANNON [Sd.Kfz.171 Panther]: 81, COAXIAL MG34 [Sd.Kfz.171 Panther]: 30, 50mm KwK 39/1 [Sd.Kfz.234 Puma]: 13, COAXIAL MG34 [Sd.Kfz.234 Puma]: 2, MP40: 1",https://server2.82nd.gg/#/gamescoreboard/28156
Steam ID,Virgis,79,32,2.47,8,0.92,0.37,2,0,0,0,7.00,0.00,XsTrEaMXooX: 3,lvl10darkelf: 7,"M1918A2 BAR: 73, MK2 GRENADE: 6",https://server2.82nd.gg/#/gamescoreboard/28150
Steam ID,Peewee,78,4,19.5,44,1.09,0.06,1,1,0,0,24.00,2.00,Large: 2,LathspeLL: 5,"76MM M1 GUN [Sherman M4A3E2(76)]: 45, 75MM M3 GUN [Sherman M4A3E2]: 23, COAXIAL M1919 [Sherman M4A3E2]: 5, 75MM CANNON [Sherman M4A3(75)W]: 3, COAXIAL M1919 [Sherman M4A3E2(76)]: 2",https://server2.82nd.gg/#/gamescoreboard/28150
Steam ID,Tormet,123,4,30.75,119,1.36,0.04,1,2,1,1,5.00,1.00,sfp: 2,F U L L L E R [FAM]: 9,"75MM CANNON [Sd.Kfz.171 Panther]: 97, COAXIAL MG34 [Sd.Kfz.171 Panther]: 20, MP40: 4, M1A1 AT MINE: 1, TELLERMINE 43: 1",https://server2.82nd.gg/#/gamescoreboard/28142
Steam ID,Styzer,81,31,2.61,9,0.93,0.36,3,0,1,1,8.00,1.00,Tormet: 3,Diavolone96: 8,M1 GARAND: 81,https://server2.82nd.gg/#/gamescoreboard/28142
Steam ID,sfp,81,29,2.79,13,0.92,0.33,4,0,0,0,8.00,0.00,Hijackers! .rRr.: 3,Serman: 6,"M1 GARAND: 79, MK2 GRENADE: 2",https://server2.82nd.gg/#/gamescoreboard/28142
Steam ID,Shellcarnage,71,4,17.75,59,2.41,0.14,2,1,0,0,8.00,1.00,[RG] SirCutlerBecket: 3,Catto: 5,"150MM HOWITZER [sFH 18]: 58, MP40: 12, M43 STIELHANDGRANATE: 1",https://server2.82nd.gg/#/gamescoreboard/28138
Steam ID,U2F | üÖøŒõùì¢ÂçÑŒõNN‚óê[DmC,70,22,3.18,13,1.05,0.33,3,0,0,0,9.00,1.00,Bafus: 3,Serman: 10,"MP40: 57, S-MINE: 6, KARABINER 98K: 5, FELDSPATEN: 1, M43 STIELHANDGRANATE: 1",https://server2.82nd.gg/#/gamescoreboard/28129
Steam ID,Tyrone,73,22,3.32,24,0.99,0.3,3,1,1,1,13.00,0.00,BAPAKAO: 3,Affkaerix: 6,"88 KWK 36 L/56 [Sd.Kfz.181 Tiger 1]: 37, FG42 x4: 23, COAXIAL MG34 [Sd.Kfz.181 Tiger 1]: 9, UNKNOWN: 1, WALTHER P38: 1, KARABINER 98K x8: 1, 50mm KwK 39/1 [Sd.Kfz.234 Puma]: 1",https://server2.82nd.gg/#/gamescoreboard/28125
Steam ID,Shellcarnage,81,21,3.86,53,0.92,0.24,3,0,0,0,10.00,1.00,You can now ragequit: 4,The Chocolate Jesus: 4,"150MM HOWITZER [sFH 18]: 53, GEWEHR 43: 23, 75MM CANNON [PAK 40]: 3, UNKNOWN: 1, M1A1 AT MINE: 1",https://server2.82nd.gg/#/gamescoreboard/28093
Steam ID,Sgt. Nimura,70,19,3.68,14,0.8,0.22,3,6,3,1,14.00,1.00,Aviator: 4,RubberMonkey: 3,"KARABINER 98K: 33, 75MM CANNON [Sd.Kfz.161 Panzer IV]: 13, PANZERSCHRECK: 6, MP40: 5, SATCHEL: 4, MG42: 3, TELLERMINE 43: 2, LUGER P08: 1, GMC CCKW 353 (Transport): 1, 150MM HOWITZER [sFH 18]: 1, COAXIAL MG34 [Sd.Kfz.161 Panzer IV]: 1",https://server2.82nd.gg/#/gamescoreboard/28093
Steam ID,todo_,70,15,4.67,11,0.78,0.17,2,0,0,0,12.00,1.00,[82AD] WinchesteR: 4,[82AD] Sickb0y: 7,FG42 x4: 70,https://server2.82nd.gg/#/gamescoreboard/28087
Steam ID,WarriorPoet,77,0,77,77,1.88,0,0,5,0,0,0.00,167.00,,Ô≠¢‚úØArchon‚úØÔ≠¢: 6,"150MM HOWITZER [sFH 18]: 76, UNKNOWN: 1",https://server2.82nd.gg/#/gamescoreboard/28084
Steam ID,rastaman234,72,5,14.4,30,0.83,0.06,1,3,0,0,33.00,7.00,[82AD] Jacko: 3,Buck: 5,"76MM M1 GUN [Sherman M4A3E2(76)]: 56, COAXIAL M1919 [Sherman M4A3E2(76)]: 14, COAXIAL M1919 [Stuart M5A1]: 1, COAXIAL M1919 [M8 Greyhound]: 1",https://server2.82nd.gg/#/gamescoreboard/28079
Steam ID,tevfik,69,19,3.63,16,0.79,0.22,6,0,0,0,15.00,0.00,[82AD] Biggles: 3,robimarko_CRO: 6,"M1903 SPRINGFIELD: 68, MK2 GRENADE: 1",https://server2.82nd.gg/#/gamescoreboard/28069
Steam ID,Sephtis,101,2,50.5,79,1.92,0.04,1,0,0,0,26.00,16.00,Dum: 1,Mayor Zero: 7,"150MM HOWITZER [sFH 18]: 78, MG42: 22, UNKNOWN: 1",https://server2.82nd.gg/#/gamescoreboard/28061
Steam ID,Ramirez,96,8,12,46,1.22,0.1,3,2,0,0,24.00,4.00,Elwood_meMops: 5,‚òú „ã°‚ôãMaRiO‚ôã„ã° ‚òû: 8,"75MM CANNON [Sd.Kfz.171 Panther]: 80, COAXIAL MG34 [Sd.Kfz.171 Panther]: 9, 20MM KWK 30 [Sd.Kfz.121 Luchs]: 6, 75MM CANNON [Sd.Kfz.161 Panzer IV]: 1",https://server2.82nd.gg/#/gamescoreboard/28048
Steam ID,Pinner,70,35,2,17,0.68,0.34,5,0,2,1,16.00,0.00,Jakubenson: 3,moomoose: 5,"GEWEHR 43: 51, MP40: 16, UNKNOWN: 1, LUGER P08: 1, TELLERMINE 43: 1",https://server2.82nd.gg/#/gamescoreboard/28046
Steam ID,PanzerElite2025,79,10,7.9,20,0.77,0.1,3,7,1,1,17.00,0.00,Sjoerdillery: 3,adam: 4,"BOMBING RUN: 57, STRAFING RUN: 18, TELLERMINE 43: 3, M1A1 THOMPSON: 1",https://server2.82nd.gg/#/gamescoreboard/28046
Steam ID,OOF,83,42,1.98,11,1.01,0.51,5,1,0,0,9.00,0.00,Victory: 4,=7Cav=RCT.Sheridan.R: 4,"KARABINER 98K: 75, M43 STIELHANDGRANATE: 8",https://server2.82nd.gg/#/gamescoreboard/28046
Steam ID,Nuxus342,97,11,8.82,73,1.1,0.13,4,2,0,0,44.00,1.00,Nilkson: 4,NicNichols: 5,"150MM HOWITZER [sFH 18]: 89, GEWEHR 43: 8",https://server2.82nd.gg/#/gamescoreboard/28045
Steam ID,Nilkson,91,15,6.07,33,1.03,0.17,2,0,0,0,19.00,1.00,PapaEU: 3,[82AD]Orange Wiggle: 6,"M1903 SPRINGFIELD: 90, UNKNOWN: 1",https://server2.82nd.gg/#/gamescoreboard/28045
Steam ID,walker47766,77,6,12.83,68,1.21,0.09,1,1,0,0,30.00,5.00,d o g h o t: 2,LOADING...: 9,"20MM KWK 30 [Sd.Kfz.121 Luchs]: 50, COAXIAL MG34 [Sd.Kfz.121 Luchs]: 18, HULL MG34 [Sd.Kfz.161 Panzer IV]: 5, 88 KWK 36 L/56 [Sd.Kfz.181 Tiger 1]: 3, HULL MG34: 1",https://server2.82nd.gg/#/gamescoreboard/28040
Steam ID,Raven,145,7,20.71,111,1.76,0.08,3,3,0,0,54.00,1.00,colttrain: 2,Sean: 10,"155MM HOWITZER [M114]: 141, M1A1 THOMPSON: 2, UNKNOWN: 1, MK2 GRENADE: 1",https://server2.82nd.gg/#/gamescoreboard/28034
Steam ID,TheWombRaider,98,11,8.91,36,1.13,0.13,1,1,1,1,27.00,1.00,Anchovy: 1,tomato88: 5,"M1 GARAND: 41, 155MM HOWITZER [M114]: 26, BOMBING RUN: 16, STRAFING RUN: 15",https://server2.82nd.gg/#/gamescoreboard/28031
Steam ID,Sean,72,22,3.27,35,0.88,0.27,5,3,1,1,9.00,0.00,Badgerface: 4,tomato88: 8,"155MM HOWITZER [M114]: 54, M1A1 THOMPSON: 17, UNKNOWN: 1",https://server2.82nd.gg/#/gamescoreboard/28031
Steam ID,tywells2244,77,16,4.81,28,0.91,0.19,5,10,0,0,18.00,0.00,pride: 5,Giga Jack: 5,"150MM HOWITZER [sFH 18]: 59, BOMBING RUN: 9, GEWEHR 43: 4, STRAFING RUN: 4, MP40: 1",https://server2.82nd.gg/#/gamescoreboard/28021
Steam ID,SetRuGa,72,24,3,19,1.11,0.37,4,3,1,1,11.00,0.00,Cell: 5,Cell: 7,"MP40: 38, GEWEHR 43: 31, UNKNOWN: 2, S-MINE: 1",https://server2.82nd.gg/#/gamescoreboard/28017
Steam ID,–ë—ã—Ä–ª–∏–∫,102,3,34,60,1.34,0.04,1,8,0,0,54.00,9.00,SexyRick: 1,Memez_R_Dreamz: 9,"155MM HOWITZER [M114]: 88, M1A1 THOMPSON: 12, MK2 GRENADE: 2",https://server2.82nd.gg/#/gamescoreboard/28006
Steam ID,Pote,67,3,22.33,50,1.32,0.06,1,1,0,0,24.00,10.00,Kaffe: 1,RecklessEvil: 6,"75MM CANNON [Sd.Kfz.161 Panzer IV]: 49, COAXIAL MG34 [Sd.Kfz.161 Panzer IV]: 10, COAXIAL MG34 [Sd.Kfz.121 Luchs]: 7, 20MM KWK 30 [Sd.Kfz.121 Luchs]: 1",https://server2.82nd.gg/#/gamescoreboard/27999
Steam ID,Taralƒè√üen,96,17,5.65,21,1.26,0.22,2,0,0,0,13.00,0.00,Brick: 4,Marxman: 4,"KARABINER 98K x8: 94, UNKNOWN: 1, WALTHER P38: 1",https://server2.82nd.gg/#/gamescoreboard/27995
Steam ID,spur15,69,3,23,30,1.02,0.04,1,0,0,0,28.00,3.00,Meat: 1,Dezzerker: 5,"KARABINER 98K x8: 67, WALTHER P38: 2",https://server2.82nd.gg/#/gamescoreboard/27994
Steam ID,ProxiE,70,22,3.18,11,1.1,0.34,3,1,0,0,12.00,0.00,Diabolik: 3,ThePartyToaster: 5,"KARABINER 98K x8: 36, FG42 x4: 32, WALTHER P38: 2",https://server2.82nd.gg/#/gamescoreboard/27994
Steam ID,Tommy Shelby,73,10,7.3,13,1.19,0.16,2,0,0,0,11.00,0.00,Matthewlauj: 2,Flo: 5,"20MM KWK 30 [Sd.Kfz.121 Luchs]: 13, MG42: 11, MP40: 11, COAXIAL MG34 [Sd.Kfz.234 Puma]: 11, KARABINER 98K: 9, COAXIAL MG34 [Sd.Kfz.121 Luchs]: 9, 50mm KwK 39/1 [Sd.Kfz.234 Puma]: 5, Sd.Kfz.234 Puma: 4",https://server2.82nd.gg/#/gamescoreboard/27992
Steam ID,Wilko,71,3,23.67,42,1.04,0.04,2,2,1,1,34.00,2.00,FraG: 2,Simplist: 5,"D-5T 85MM [IS-1]: 28, 76MM ZiS-5 [T34/76]: 19, COAXIAL DT [IS-1]: 13, COAXIAL DT [T34/76]: 10, NAGANT M1895: 1",https://server2.82nd.gg/#/gamescoreboard/27986
Steam ID,sn00keh,68,6,11.33,62,0.77,0.07,4,1,0,0,62.00,1.00,‚ú®[LYF]TransGoatüêê‚ú®: 2,Kiili: 5,"76MM ZiS-5 [T34/76]: 40, D-5T 85MM [IS-1]: 17, COAXIAL DT [T34/76]: 6, COAXIAL DT [IS-1]: 5",https://server2.82nd.gg/#/gamescoreboard/27983
Steam ID,pride,66,24,2.75,17,0.75,0.27,4,1,0,0,10.00,1.00,CapriSunSex: 4,Jake: 5,"SCOPED MOSIN NAGANT 91/30: 50, 122MM HOWITZER [M1938 (M-30)]: 16",https://server2.82nd.gg/#/gamescoreboard/27983
Steam ID,TootTheFloot,96,3,32,53,1.07,0.03,1,7,0,0,42.00,18.00,Flaerp: 1,[82AD] 1Lung McClung: 5,"155MM HOWITZER [M114]: 42, 76MM M1 GUN [Sherman M4A3E2(76)]: 37, COAXIAL M1919 [Sherman M4A3E2(76)]: 15, S-MINE: 1, COAXIAL M1919 [Sherman M4A3(75)W]: 1",https://server2.82nd.gg/#/gamescoreboard/27982
Steam ID,noeller202,74,22,3.36,44,1.04,0.31,6,1,1,1,25.00,0.00,Fuglen: 6,jann: 7,"155MM HOWITZER [M114]: 60, M3 GREASE GUN: 13, UNKNOWN: 1",https://server2.82nd.gg/#/gamescoreboard/27976
Steam ID,Mr.Anderson,78,7,11.14,75,0.97,0.09,4,6,1,1,63.00,1.00,Mauzerd: 3,Xsite: 8,"76MM M1 GUN [Sherman M4A3E2(76)]: 67, COAXIAL M1919 [Sherman M4A3E2(76)]: 6, M97 TRENCH GUN: 4, UNKNOWN: 1",https://server2.82nd.gg/#/gamescoreboard/27976
Steam ID,Mr Sneak Man,150,0,150,150,1.95,0,0,2,0,0,0.00,167.00,,[LYF]Insane Urpist: 12,"150MM HOWITZER [sFH 18]: 149, UNKNOWN: 1",https://server2.82nd.gg/#/gamescoreboard/27975
Steam ID,Vossakurwa,87,1,87,87,1.39,0.02,1,5,0,0,58.00,58.00,DrOcto: 1,Cheetobreath: 8,"150MM HOWITZER [sFH 18]: 86, M2 AP MINE: 1",https://server2.82nd.gg/#/gamescoreboard/27949
Steam ID,syn,206,6,34.33,94,2.33,0.07,3,6,1,1,35.00,-1.00,Acroc Odrama: 2,jbonesz1: 12,"150MM HOWITZER [sFH 18]: 200, KARABINER 98K: 3, PANZERSCHRECK: 2, M2 AP MINE: 1",https://server2.82nd.gg/#/gamescoreboard/27945
Steam ID,Ogbo,70,4,17.5,69,2.56,0.15,2,2,0,0,20.00,2.00,Kuma: 2,Nomad_1: 7,"155MM HOWITZER [M114]: 68, UNKNOWN: 1, M1A1 THOMPSON: 1",https://server2.82nd.gg/#/gamescoreboard/27924
Steam ID,Robvyl,106,11,9.64,52,1.19,0.12,3,6,0,0,31.00,1.00,Barney: 7,Vader des Vaderlands: 6,"150MM HOWITZER [sFH 18]: 100, MP40: 5, UNKNOWN: 1",https://server2.82nd.gg/#/gamescoreboard/27922
Steam ID,Û†Ä°‚ÅßSkate,90,23,3.91,16,1.13,0.29,3,0,0,0,10.00,0.00,[82ADr] Tfurca: 3,Prz: 9,"M1 GARAND: 89, MK2 GRENADE: 1",https://server2.82nd.gg/#/gamescoreboard/27919
Steam ID,Private Paula,72,4,18,66,1.6,0.09,2,1,0,0,19.00,4.00,Chercho: 4,Ack: 4,"155MM HOWITZER [M114]: 70, S-MINE: 1, M1 GARAND: 1",https://server2.82nd.gg/#/gamescoreboard/27917
Steam ID,RagES,143,1,143,143,2.21,0.02,1,7,0,0,61.00,61.00,[82AD] Jacko: 1,Warneuto: 8,"155MM HOWITZER [M114]: 142, M1 CARBINE: 1",https://server2.82nd.gg/#/gamescoreboard/27905
Steam ID,Ruralli,102,7,14.57,77,1.47,0.1,2,1,0,0,23.00,1.00,[T5G]Prometheus: 5,[DIB]-Huubmans: 7,"150MM HOWITZER [sFH 18]: 92, LUGER P08: 5, COAXIAL MG34 [Sd.Kfz.234 Puma]: 3, Sd.Kfz.234 Puma: 1, HULL MG34 [Sd.Kfz.171 Panther]: 1",https://server2.82nd.gg/#/gamescoreboard/27901
Steam ID,Spearhead,68,28,2.43,10,1.18,0.48,3,0,0,0,6.00,1.00,[ARC] Shifty: 3,Wan: 4,"M1A1 THOMPSON: 65, MK2 GRENADE: 2, UNKNOWN: 1",https://server2.82nd.gg/#/gamescoreboard/27882
Steam ID,PuffDragon,79,14,5.64,22,0.99,0.18,2,0,0,0,20.00,1.00,SnivellingGold2: 2,MakinBacon: 7,"KARABINER 98K: 73, PANZERSCHRECK: 6",https://server2.82nd.gg/#/gamescoreboard/27882
Steam ID,Patmarker,67,8,8.38,40,0.76,0.09,2,2,0,0,24.00,4.00,rastaman234: 3,Alex1b0ss: 4,"75MM M3 GUN [Sherman M4A3E2]: 38, 76MM M1 GUN [Sherman M4A3E2(76)]: 9, COAXIAL M1919 [Sherman M4A3E2]: 6, 75MM CANNON [Sherman M4A3(75)W]: 5, 37MM CANNON [Stuart M5A1]: 3, M6 37mm [M8 Greyhound]: 2, COAXIAL M1919 [M8 Greyhound]: 2, COAXIAL M1919 [Sherman M4A3E2(76)]: 2",https://server2.82nd.gg/#/gamescoreboard/27875
Steam ID,Spearhead,102,26,3.92,15,1.25,0.32,2,0,0,0,13.00,0.00,Vietnamese Jesus: 3,Cash: 9,"GEWEHR 43: 101, UNKNOWN: 1",https://server2.82nd.gg/#/gamescoreboard/27871
Steam ID,Zero,71,3,23.67,58,1.26,0.05,2,0,0,0,30.00,6.00,Trappo: 1,Trappo: 5,"20MM KWK 30 [Sd.Kfz.121 Luchs]: 31, COAXIAL MG34 [Sd.Kfz.121 Luchs]: 27, 50mm KwK 39/1 [Sd.Kfz.234 Puma]: 7, COAXIAL MG34 [Sd.Kfz.234 Puma]: 6",https://server2.82nd.gg/#/gamescoreboard/27865
Steam ID,REDLEEEEEEEEEEEEEEEE,68,21,3.24,15,0.79,0.24,2,0,0,0,22.00,0.00,Bender: 2,deaddeaddead: 4,"M1 GARAND: 56, BOMBING RUN: 6, STRAFING RUN: 5, UNKNOWN: 1",https://server2.82nd.gg/#/gamescoreboard/27862
Steam ID,SovietDoge,108,5,21.6,45,1.26,0.06,2,2,0,0,24.00,3.00,Muller: 2,Muller: 6,"76MM M1 GUN [Sherman M4A3E2(76)]: 44, COAXIAL M1919 [Sherman M4A3E2(76)]: 28, 75MM M3 GUN [Sherman M4A3E2]: 20, 75MM CANNON [Sherman M4A3(75)W]: 10, COAXIAL M1919 [Sherman M4A3(75)W]: 4, COAXIAL M1919 [Sherman M4A3E2]: 2",https://server2.82nd.gg/#/gamescoreboard/27855
Steam ID,ThroatHammer1,80,1,80,80,0.91,0.01,1,14,0,0,7.00,7.00,TheShadow5078: 1,Mahk: 8,"155MM HOWITZER [M114]: 79, UNKNOWN: 1",https://server2.82nd.gg/#/gamescoreboard/27839
Steam ID,Sir Zias,80,6,13.33,48,0.92,0.07,2,0,1,1,28.00,1.00,Snoker: 1,CptDeathSpank: 4,"76MM M1 GUN [Sherman M4A3E2(76)]: 52, COAXIAL M1919 [Sherman M4A3E2(76)]: 20, M1A1 AT MINE: 5, COAXIAL M1919: 1, M1A1 THOMPSON: 1, Sd.Kfz 251 Half-track: 1",https://server2.82nd.gg/#/gamescoreboard/27835
Steam ID,Spearhead,93,28,3.32,17,1.06,0.32,4,0,0,0,9.00,1.00,AmSo_AxelFoley: 3,Prz: 5,"GEWEHR 43: 88, KARABINER 98K: 2, MP40: 1, UNKNOWN: 1, M43 STIELHANDGRANATE: 1",https://server2.82nd.gg/#/gamescoreboard/27834
Steam ID,Spearhead,93,39,2.38,25,1.24,0.52,5,0,0,0,9.00,0.00,Mattle: 6,Hinkulainen: 7,"M1 GARAND: 83, BAZOOKA: 8, UNKNOWN: 1, MK2 GRENADE: 1",https://server2.82nd.gg/#/gamescoreboard/27823
Steam ID,Summer,69,0,69,69,1.11,0,0,4,0,0,0.00,167.00,,Skipper: 5,"75MM CANNON [Sd.Kfz.171 Panther]: 43, 75MM CANNON [Sd.Kfz.161 Panzer IV]: 20, COAXIAL MG34 [Sd.Kfz.161 Panzer IV]: 3, COAXIAL MG34 [Sd.Kfz.171 Panther]: 2, M1A1 AT MINE: 1",https://server2.82nd.gg/#/gamescoreboard/27822
Steam ID,Spearhead,69,26,2.65,23,1.14,0.43,3,0,0,0,16.00,0.00,[82AD] R3mba: 3,[82AD] funkyflor25: 7,"GEWEHR 43: 55, STG44: 12, UNKNOWN: 1, M43 STIELHANDGRANATE: 1",https://server2.82nd.gg/#/gamescoreboard/27819
Steam ID,VlambeerRon | Knorre,66,38,1.74,9,0.75,0.43,4,1,1,1,6.00,1.00,Dzintarix: 4,Sydo: 4,"M1918A2 BAR: 53, MK2 GRENADE: 5, BROWNING M1919: 5, UNKNOWN: 2, COLT M1911: 1",https://server2.82nd.gg/#/gamescoreboard/27818
Steam ID,Synthex420,65,16,4.06,59,0.81,0.2,5,1,0,0,29.00,0.00,DeveKemalüê™: 9,Sprezzy: 6,"155MM HOWITZER [M114]: 58, M1A1 THOMPSON: 4, BROWNING M1919: 2, UNKNOWN: 1",https://server2.82nd.gg/#/gamescoreboard/27813
Steam ID,Si1ent_Den,77,11,7,17,1.01,0.14,2,0,0,0,16.00,0.00,JT: 2,WhiteMamba: 7,"KARABINER 98K x8: 76, WALTHER P38: 1",https://server2.82nd.gg/#/gamescoreboard/27807
Steam ID,SMP,89,7,12.71,30,1.81,0.14,2,0,0,0,14.00,2.00,Lt. UnrealMarine: 2,obey1169: 8,"KARABINER 98K x8: 75, WALTHER P38: 12, M43 STIELHANDGRANATE: 2",https://server2.82nd.gg/#/gamescoreboard/27800
Steam ID,U2F | ANDREEV,79,26,3.04,10,0.9,0.3,5,0,0,0,12.00,0.00,Gustiner: 2,Julius Geezer: 5,"M1 GARAND: 66, M1A1 THOMPSON: 7, MK2 GRENADE: 5, M3 KNIFE: 1",https://server2.82nd.gg/#/gamescoreboard/27794
Steam ID,PuffDragon,68,11,6.18,11,1.3,0.21,1,0,0,0,8.00,1.00,[82AD] R3mba: 2,[82AD] Fog: 4,"KARABINER 98K: 65, PANZERSCHRECK: 3",https://server2.82nd.gg/#/gamescoreboard/27793
Steam ID,weehooseplant,69,29,2.38,19,0.84,0.35,5,0,0,0,11.00,0.00,Jmclma: 3,byzoz: 5,"MG42: 67, GMC CCKW 353 (Transport): 2",https://server2.82nd.gg/#/gamescoreboard/27791
Steam ID,r00ze,79,3,26.33,40,1.03,0.04,2,2,0,0,31.00,6.00,Skith√∂g: 2,filmcom: 6,"75MM CANNON [Sd.Kfz.171 Panther]: 68, COAXIAL MG34 [Sd.Kfz.171 Panther]: 11",https://server2.82nd.gg/#/gamescoreboard/27769
Steam ID,Petar,69,15,4.6,44,0.77,0.17,5,4,0,0,18.00,1.00,[82AD] Lorgenom: 6,[82AD] Lorgenom: 8,"155MM HOWITZER [M114]: 59, M1 GARAND: 10",https://server2.82nd.gg/#/gamescoreboard/27762
Steam ID,Shellcarnage,84,35,2.4,12,1.23,0.51,3,0,0,0,7.00,0.00,ZeeZee1911: 4,TheFounder: 5,"MG42: 53, KARABINER 98K: 22, GEWEHR 43: 4, MP40: 3, LUGER P08: 1, M43 STIELHANDGRANATE: 1",https://server2.82nd.gg/#/gamescoreboard/27760
Steam ID,vanajet,68,31,2.19,12,0.84,0.39,4,1,0,0,8.00,0.00,bert: 3,Major R. Winters: 5,"M1 GARAND: 62, MK2 GRENADE: 6",https://server2.82nd.gg/#/gamescoreboard/27756
Steam ID,Shellcarnage,81,8,10.12,39,0.93,0.09,2,2,0,0,45.00,1.00,[82AD] ZemunBRE: 3,DrBeaky: 5,"150MM HOWITZER [sFH 18]: 69, MP40: 12",https://server2.82nd.gg/#/gamescoreboard/27753
Steam ID,Todesfalke,66,6,11,30,0.8,0.07,1,1,1,1,23.00,3.00,[82AD] Cpt Nixon: 2,SoxtKobraKiller: 4,"75MM CANNON [Sd.Kfz.161 Panzer IV]: 37, 75MM CANNON [Sd.Kfz.171 Panther]: 11, 88 KWK 36 L/56 [Sd.Kfz.181 Tiger 1]: 8, COAXIAL MG34 [Sd.Kfz.161 Panzer IV]: 6, COAXIAL MG34 [Sd.Kfz.171 Panther]: 2, STG44: 1, COAXIAL MG34 [Sd.Kfz.181 Tiger 1]: 1",https://server2.82nd.gg/#/gamescoreboard/27752
Steam ID,Optik,87,3,29,86,1.63,0.06,2,6,0,0,6.00,1.00,QDL: 1,Aegis_Spirit: 6,"150MM HOWITZER [sFH 18]: 86, STG44: 1",https://server2.82nd.gg/#/gamescoreboard/27723
Steam ID,YuanWinzz,70,6,11.67,35,0.82,0.07,1,1,0,0,31.00,2.00,Major Booty: 2,IceFoxGM: 5,"76MM M1 GUN [Sherman M4A3E2(76)]: 48, COAXIAL M1919 [Sherman M4A3E2(76)]: 12, M1 GARAND: 7, COAXIAL M1919 [M8 Greyhound]: 2, M6 37mm [M8 Greyhound]: 1",https://server2.82nd.gg/#/gamescoreboard/27710
Steam ID,t3st1ngth3w4t3r5,75,23,3.26,13,0.89,0.27,3,3,0,0,13.00,1.00,Kessu_3: 3,knox: 7,"M1 GARAND: 61, BAZOOKA: 7, MK2 GRENADE: 5, S-MINE: 1, M3 KNIFE: 1",https://server2.82nd.gg/#/gamescoreboard/27710
Steam ID,Shellcarnage,65,28,2.32,8,0.74,0.32,4,0,2,1,6.00,1.00,t3st1ngth3w4t3r5: 3,t3st1ngth3w4t3r5: 8,"MP40: 37, SATCHEL: 10, KARABINER 98K: 10, TELLERMINE 43: 5, FELDSPATEN: 1, PANZERSCHRECK: 1, M43 STIELHANDGRANATE: 1",https://server2.82nd.gg/#/gamescoreboard/27704
Steam ID,TheGreatPete05,70,14,5,32,0.8,0.16,4,3,0,0,24.00,1.00,Summer: 10,christophe.xavier: 6,"150MM HOWITZER [sFH 18]: 65, MP40: 5",https://server2.82nd.gg/#/gamescoreboard/27698
Steam ID,Sir_Cartman,113,20,5.65,85,1.29,0.23,8,7,0,0,25.00,1.00,Keiding: 16,Yastiano: 6,"150MM HOWITZER [sFH 18]: 101, GEWEHR 43: 7, M1A1 AT MINE: 4, UNKNOWN: 1",https://server2.82nd.gg/#/gamescoreboard/27690
Steam ID,UNK_GREEN,68,49,1.39,6,0.49,0.35,5,0,2,1,17.00,0.00,Natrium: 4,Natrium: 4,"M1 GARAND: 52, GEWEHR 43: 10, UNKNOWN: 3, MK2 GRENADE: 2, S-MINE: 1",https://server2.82nd.gg/#/gamescoreboard/27683
Steam ID,UNK_BLUE,67,41,1.63,7,0.49,0.3,4,1,1,1,14.00,1.00,Natrium: 4,jameselliott93: 5,"M1918A2 BAR: 42, GEWEHR 43: 22, MK2 GRENADE: 2, UNKNOWN: 1",https://server2.82nd.gg/#/gamescoreboard/27683
Steam ID,Thorseus,99,40,2.48,10,0.58,0.23,3,1,0,0,14.00,0.00,Chunky Kylito: 5,WeaselDuke: 6,"M1 GARAND: 51, GEWEHR 43: 31, KARABINER 98K: 12, UNKNOWN: 2, MK2 GRENADE: 2, M43 STIELHANDGRANATE: 1",https://server2.82nd.gg/#/gamescoreboard/27680
Steam ID,Shadoweye322,65,24,2.71,18,0.95,0.35,3,0,0,0,9.00,1.00,Hayn: 4,Nuxus342: 4,"M1 GARAND: 62, MK2 GRENADE: 2, UNKNOWN: 1",https://server2.82nd.gg/#/gamescoreboard/27674
Steam ID,The Deep,104,33,3.15,13,1.18,0.37,4,0,1,1,7.00,1.00,Boshi: 3,NK‚Ñ¢ Quig_Millenium6: 7,"M1A1 THOMPSON: 100, MK2 GRENADE: 4",https://server2.82nd.gg/#/gamescoreboard/27672
Steam ID,Xanatos,79,30,2.63,15,0.29,0.11,9,0,0,0,17.00,0.00,j_deee: 4,Trinkets: 6,"MG42: 41, GEWEHR 43: 27, M1 GARAND: 11",https://server2.82nd.gg/#/gamescoreboard/27669
Steam ID,Wyhlon,99,49,2.02,16,0.42,0.21,5,0,1,1,25.00,0.00,Hellzer: 3,Pancho: 5,"M1 GARAND: 47, M1903 SPRINGFIELD: 37, GEWEHR 43: 11, KARABINER 98K x8: 4",https://server2.82nd.gg/#/gamescoreboard/27669
Steam ID,vDs,85,53,1.6,14,0.36,0.22,5,2,0,0,21.00,0.00,üíõNikeleleüíô: 7,anineptfool: 5,"STG44: 46, GEWEHR 43: 22, M43 STIELHANDGRANATE: 8, M1918A2 BAR: 6, M1 GARAND: 2, MK2 GRENADE: 1",https://server2.82nd.gg/#/gamescoreboard/27669
Steam ID,Subs,107,14,7.64,89,0.7,0.09,4,11,1,1,68.00,0.00,Attila the Nun: 2,lotus: 7,"150MM HOWITZER [sFH 18]: 80, M1A1 THOMPSON: 14, GEWEHR 43: 9, MK2 GRENADE: 2, KARABINER 98K: 1, M43 STIELHANDGRANATE: 1",https://server2.82nd.gg/#/gamescoreboard/27669
Steam ID,Towerful,81,28,2.89,11,0.75,0.26,3,0,0,0,15.00,1.00,shva: 2,iBelg: 7,"FG42: 64, M1A1 THOMPSON: 15, M43 STIELHANDGRANATE: 2",https://server2.82nd.gg/#/gamescoreboard/27665
Steam ID,REV,73,20,3.65,12,0.66,0.18,2,1,1,1,19.00,1.00,hotdog: 2,Dennoc7: 4,"KARABINER 98K: 66, M1 GARAND: 6, M24 STIELHANDGRANATE: 1",https://server2.82nd.gg/#/gamescoreboard/27665
Steam ID,Skirken,76,6,12.67,38,0.86,0.07,3,1,0,0,34.00,6.00,Mitch: 1,Captain Gorilla: 4,"75MM CANNON [Sd.Kfz.171 Panther]: 45, 75MM CANNON [Sd.Kfz.161 Panzer IV]: 17, COAXIAL MG34 [Sd.Kfz.171 Panther]: 11, COAXIAL MG34 [Sd.Kfz.161 Panzer IV]: 3",https://server2.82nd.gg/#/gamescoreboard/27650
Steam ID,Rockamockafo,137,12,11.42,24,1.54,0.14,2,0,2,1,16.00,1.00,Flah: 2,Xenon: 6,"M1918A2 BAR: 132, MK2 GRENADE: 3, UNKNOWN: 1, M3 KNIFE: 1",https://server2.82nd.gg/#/gamescoreboard/27635
Steam ID,WILD KYLE,67,9,7.44,65,1.12,0.15,7,7,0,0,5.00,1.00,EXCELLENT!: 2,Mr. Garfield: 7,"155MM HOWITZER [M114]: 66, M1918A2 BAR: 1",https://server2.82nd.gg/#/gamescoreboard/27629
Steam ID,SUQ MADIQ,68,20,3.4,18,0.76,0.22,4,0,0,0,14.00,1.00,Siamciaramcia: 4,amandsingh14: 5,"M1 CARBINE: 66, UNKNOWN: 1, 155MM HOWITZER [M114]: 1",https://server2.82nd.gg/#/gamescoreboard/27624
Steam ID,skog,68,13,5.23,27,0.76,0.15,2,0,0,0,14.00,1.00,Krebin: 3,Mike Finnigan: 6,"50mm KwK 39/1 [Sd.Kfz.234 Puma]: 26, 20MM KWK 30 [Sd.Kfz.121 Luchs]: 11, KARABINER 98K: 10, COAXIAL MG34 [Sd.Kfz.234 Puma]: 7, 75MM CANNON [Sd.Kfz.161 Panzer IV]: 5, COAXIAL MG34 [Sd.Kfz.121 Luchs]: 5, COAXIAL MG34 [Sd.Kfz.161 Panzer IV]: 2, UNKNOWN: 1, M43 STIELHANDGRANATE: 1",https://server2.82nd.gg/#/gamescoreboard/27624
Steam ID,Shellcarnage,71,13,5.46,19,1.24,0.23,2,0,0,0,17.00,1.00,Gigzee: 2,Lucifer: 5,"GEWEHR 43: 35, KARABINER 98K: 18, MP40: 8, M43 STIELHANDGRANATE: 8, UNKNOWN: 2",https://server2.82nd.gg/#/gamescoreboard/27617
Steam ID,Shellcarnage,89,8,11.12,79,2.44,0.22,5,0,0,0,18.00,1.00,Dildo Baggings: 3,shortfella: 6,"155MM HOWITZER [M114]: 75, BROWNING M1919: 7, M1A1 THOMPSON: 5, TELLERMINE 43: 2",https://server2.82nd.gg/#/gamescoreboard/27610
Steam ID,Snake,70,15,4.67,18,1.45,0.31,2,0,0,0,7.00,1.00,‚òØSkullzy: 3,TheDancingClown: 5,"GEWEHR 43: 49, MG34: 20, KARABINER 98K: 1",https://server2.82nd.gg/#/gamescoreboard/27602
Steam ID,‹î‹õ‹î‹îKnee,65,23,2.83,17,0.76,0.27,3,0,1,1,8.00,0.00,Bingle McCringle: 3,Shin00bi: 6,"GEWEHR 43: 62, M43 STIELHANDGRANATE: 3",https://server2.82nd.gg/#/gamescoreboard/27593
Steam ID,Zipflzuechr,65,13,5,14,0.76,0.15,2,3,0,0,13.00,1.00,rothkop: 2,[PBS] Mister E: 5,"MG34: 29, GEWEHR 43: 19, MP40: 9, WALTHER P38: 2, KARABINER 98K: 2, M43 STIELHANDGRANATE: 2, UNKNOWN: 1, FELDSPATEN: 1",https://server2.82nd.gg/#/gamescoreboard/27593
Steam ID,Towerful,70,20,3.5,15,0.67,0.19,3,0,0,0,21.00,1.00,[82AD] Zero: 4,Vette fan: 8,"MG42: 56, M1903 SPRINGFIELD: 10, COLT M1911: 2, UNKNOWN: 1, LUGER P08: 1",https://server2.82nd.gg/#/gamescoreboard/27593
Steam ID,PepegaPeek HAGRID,106,0,106,106,3.61,0,0,2,1,1,26.00,26.00,,nascar speed: 7,150MM HOWITZER [sFH 18]: 106,https://server2.82nd.gg/#/gamescoreboard/27592
Steam ID,Snake,80,10,8,29,1.62,0.2,3,0,1,1,17.00,1.00,Vanhille: 2,Chris Baker: 5,"MG34: 76, WALTHER P38: 2, STG44: 1, GEWEHR 43: 1",https://server2.82nd.gg/#/gamescoreboard/27587
Steam ID,PepegaPeek HAGRID,75,14,5.36,62,1.56,0.29,4,1,0,0,22.00,1.00,H3nDriX: 2,wafflefriet: 5,"75MM CANNON [Sherman M4A3(75)W]: 53, M1918A2 BAR: 12, COAXIAL M1919 [Sherman M4A3(75)W]: 6, HULL M1919 [Sherman M4A3(75)W]: 3, UNKNOWN: 1",https://server2.82nd.gg/#/gamescoreboard/27587
Steam ID,SkitsliTV,71,13,5.46,12,0.98,0.18,2,1,1,1,16.00,1.00,Bobby C: 3,Deckard Cain: 5,"KARABINER 98K x8: 68, UNKNOWN: 3",https://server2.82nd.gg/#/gamescoreboard/27566
Steam ID,Shellcarnage,78,27,2.89,9,0.66,0.23,3,0,0,0,15.00,1.00,[82ADr] rammu: 5,G2money187: 6,"M1 GARAND: 42, M3 GREASE GUN: 19, STG44: 8, M1918A2 BAR: 7, MK2 GRENADE: 2",https://server2.82nd.gg/#/gamescoreboard/27564
Steam ID,Yebbert=VX9= / Blade,69,31,2.23,11,0.9,0.41,3,1,0,0,7.00,0.00,Shellcarnage: 4,Gu√∞√æungur: 5,"M1 GARAND: 58, BAZOOKA: 9, UNKNOWN: 1, MK2 GRENADE: 1",https://server2.82nd.gg/#/gamescoreboard/27559
Steam ID,TriOn,74,0,74,74,1.32,0,0,17,0,0,0.00,167.00,,Equinoxo: 4,"150MM HOWITZER [sFH 18]: 73, UNKNOWN: 1",https://server2.82nd.gg/#/gamescoreboard/27544
Steam ID,Spazz; ‚òî,65,10,6.5,26,1.17,0.18,3,1,0,0,15.00,1.00,Deva: 2,EaQDaman: 4,MG34: 65,https://server2.82nd.gg/#/gamescoreboard/27536
Steam ID,Spazz; ‚òî,87,32,2.72,15,0.99,0.36,5,0,1,1,11.00,1.00,HeadHunterUK: 5,Bery: 8,"M1918A2 BAR: 78, MK2 GRENADE: 5, BROWNING M1919: 2, UNKNOWN: 1, 155MM HOWITZER [M114]: 1",https://server2.82nd.gg/#/gamescoreboard/27515
Steam ID,SnaggyDuck,84,9,9.33,27,0.95,0.1,3,4,0,0,26.00,0.00,Bery: 4,=[65th]= theriskyman: 6,"75MM CANNON [Sherman M4A3(75)W]: 37, COAXIAL M1919 [Sherman M4A3(75)W]: 21, COAXIAL M1919 [Stuart M5A1]: 10, 37MM CANNON [Stuart M5A1]: 9, HULL M1919 [Sherman M4A3(75)W]: 3, COLT M1911: 2, Sd.Kfz.161 Panzer IV: 1, HULL M1919 [Stuart M5A1]: 1",https://server2.82nd.gg/#/gamescoreboard/27515
Steam ID,SUQ MADIQ,158,5,31.6,150,2.97,0.09,3,1,0,0,29.00,1.00,Kubanoid: 1,Mikhalych: 8,"155MM HOWITZER [M114]: 148, M1918A2 BAR: 8, TELLERMINE 43: 2",https://server2.82nd.gg/#/gamescoreboard/27512
Steam ID,PVT üÖΩipple,89,3,29.67,89,1.7,0.06,3,3,1,1,42.00,2.00,Gopnik: 1,HeadHunterUK: 5,"75MM CANNON [Sd.Kfz.161 Panzer IV]: 64, 50mm KwK 39/1 [Sd.Kfz.234 Puma]: 20, M1A1 AT MINE: 5",https://server2.82nd.gg/#/gamescoreboard/27512
Steam ID,MutantSphere,85,8,10.62,85,1.57,0.15,4,1,0,0,26.00,1.00,g: 1,BeeTheLiam: 6,"155MM HOWITZER [M114]: 83, UNKNOWN: 1, TELLERMINE 43: 1",https://server2.82nd.gg/#/gamescoreboard/27512
Steam ID,t3st1ngth3w4t3r5,67,44,1.52,10,0.76,0.5,6,0,2,1,9.00,0.00,[82AD] Kolstad: 6,Mickey Manlet: 6,"KARABINER 98K: 55, M43 STIELHANDGRANATE: 5, MP40: 3, PANZERSCHRECK: 2, FELDSPATEN: 1, M2 AP MINE: 1",https://server2.82nd.gg/#/gamescoreboard/27502
Steam ID,Zoli Garsa,116,0,116,116,1.98,0,0,2,0,0,0.00,167.00,,Mr Quigles: 9,150MM HOWITZER [sFH 18]: 116,https://server2.82nd.gg/#/gamescoreboard/27499
Steam ID,Minkos,98,2,49,81,1.55,0.03,1,12,0,0,47.00,4.00,Lar: 2,KtDodye: 6,"150MM HOWITZER [sFH 18]: 90, MP40: 7, UNKNOWN: 1",https://server2.82nd.gg/#/gamescoreboard/27497
Steam ID,Treeman,124,8,15.5,103,1.4,0.09,3,20,0,0,68.00,1.00,Arakno: 4,Sasquatch: 7,"150MM HOWITZER [sFH 18]: 119, MP40: 5",https://server2.82nd.gg/#/gamescoreboard/27487
Steam ID,Spearhead,100,43,2.33,15,1.06,0.46,4,2,1,1,14.00,0.00,Sir_Crunch_A_Lot: 4,[DKB] Mikkel Ling: 6,"M1 GARAND: 78, BAZOOKA: 9, M1A1 THOMPSON: 9, M1 CARBINE: 2, UNKNOWN: 1, MK2 GRENADE: 1",https://server2.82nd.gg/#/gamescoreboard/27485
Steam ID,PepegaPeek HAGRID,73,0,73,73,2.66,0,0,9,0,0,0.00,167.00,,CE01: 8,"150MM HOWITZER [sFH 18]: 65, BOMBING RUN: 6, MP40: 1, PRECISION STRIKE: 1",https://server2.82nd.gg/#/gamescoreboard/27481
Steam ID,P3rC0‚Ñ¢,95,44,2.16,8,1.09,0.51,4,0,0,0,4.00,1.00,[82AD] Cannonfodder: 5,[82ADr] Zenyx: 6,"GEWEHR 43: 76, M43 STIELHANDGRANATE: 10, MP40: 7, UNKNOWN: 2",https://server2.82nd.gg/#/gamescoreboard/27447
Steam ID,vanDyk,70,2,35,53,2.23,0.06,1,4,0,0,15.00,14.00,Tranquil Gaming: 1,epicpeak0: 6,"88 KWK 36 L/56 [Sd.Kfz.181 Tiger 1]: 50, COAXIAL MG34 [Sd.Kfz.161 Panzer IV]: 9, 75MM CANNON [Sd.Kfz.161 Panzer IV]: 8, COAXIAL MG34 [Sd.Kfz.181 Tiger 1]: 3",https://server2.82nd.gg/#/gamescoreboard/27446
Steam ID,Void | Overblazzed,92,33,2.79,11,1.06,0.38,4,0,1,1,9.00,1.00,Cloni: 3,Hasse_Sm√∂rjsked: 11,"M1 GARAND: 86, M1918A2 BAR: 4, BAZOOKA: 1, MK2 GRENADE: 1",https://server2.82nd.gg/#/gamescoreboard/27438
Steam ID,Pyrrhrick,88,9,9.78,45,1.07,0.11,2,2,1,1,22.00,1.00,fARBROR: 2,Buliwvy: 6,"150MM HOWITZER [sFH 18]: 44, MG42: 17, STG44: 16, SATCHEL: 9, MP40: 1, M43 STIELHANDGRANATE: 1",https://server2.82nd.gg/#/gamescoreboard/27414
Steam ID,vlajche92,66,12,5.5,28,0.76,0.14,3,1,1,1,24.00,1.00,Technov: 4,FITT GOBBA: 5,"122MM HOWITZER [M1938 (M-30)]: 51, PPSH 41: 12, TELLERMINE 43: 2, UNKNOWN: 1",https://server2.82nd.gg/#/gamescoreboard/27409
Steam ID,Rip,91,16,5.69,19,1.03,0.18,4,1,1,1,25.00,1.00,monkeyspunk: 2,french fries: 7,"MG42: 85, UNKNOWN: 2, LUGER P08: 2, STG44: 1, GEWEHR 43: 1",https://server2.82nd.gg/#/gamescoreboard/27409
Steam ID,PAR,75,35,2.14,12,0.85,0.4,3,0,1,1,8.00,0.00,Kind Uncle Kruber: 5,Kind Uncle Kruber: 5,"SVT40: 73, S-MINE: 2",https://server2.82nd.gg/#/gamescoreboard/27409
Steam ID,È≤®È±ºËæ£Ê§í,108,1,108,105,3.0,0.03,1,0,0,0,25.00,25.00,[82AD] Cannonfodder: 1,ÁÑ∂ÁÑ∂: 7,"150MM HOWITZER [sFH 18]: 105, MP40: 3",https://server2.82nd.gg/#/gamescoreboard/27407
Steam ID,The Sober Hobo,85,7,12.14,37,0.97,0.08,2,3,0,0,27.00,6.00,Marko: 1,GreedySanta: 7,"75MM CANNON [Sherman M4A1]: 54, COAXIAL M1919 [Sherman M4A1]: 13, 37MM CANNON [Stuart M5A1]: 5, 76MM M1 GUN [Sherman M4A3E2(76)]: 5, HULL M1919 [Sherman M4A1]: 4, COAXIAL M1919 [Sherman M4A3E2(76)]: 4",https://server2.82nd.gg/#/gamescoreboard/27400
Steam ID,Raste,69,20,3.45,38,1.47,0.43,4,1,1,1,13.00,0.00,Batman: 2,[RG] SirCutlerBecket: 6,MG42: 69,https://server2.82nd.gg/#/gamescoreboard/27386
Steam ID,PepegaPeek HAGRID,78,4,19.5,49,1.18,0.06,2,1,0,0,30.00,8.00,MArv: 1,F l u v i: 7,"88 KWK 36 L/56 [Sd.Kfz.181 Tiger 1]: 63, COAXIAL MG34 [Sd.Kfz.181 Tiger 1]: 15",https://server2.82nd.gg/#/gamescoreboard/27378
Steam ID,Z,98,19,5.16,22,1.31,0.25,1,1,1,1,7.00,1.00,[NMG] Evillegend: 4,Christer Pettersson: 8,"STG44: 58, KARABINER 98K x8: 37, M43 STIELHANDGRANATE: 2, WALTHER P38: 1",https://server2.82nd.gg/#/gamescoreboard/27373
Steam ID,SnackSquadTV,87,4,21.75,59,1.22,0.06,2,1,0,0,36.00,2.00,Cuc: 1,Ewyn: 6,"75MM CANNON [Sherman M4A1]: 61, COAXIAL M1919 [Sherman M4A1]: 23, COAXIAL M1919 [Sherman M4A3E2]: 2, 75MM M3 GUN [Sherman M4A3E2]: 1",https://server2.82nd.gg/#/gamescoreboard/27352
Steam ID,Mighty Golden Otter,73,5,14.6,32,0.84,0.06,1,1,0,0,36.00,7.00,taktuk07: 2,carrot: 4,"88 KWK 36 L/56 [Sd.Kfz.181 Tiger 1]: 31, 150MM HOWITZER [sFH 18]: 27, COAXIAL MG34 [Sd.Kfz.181 Tiger 1]: 6, COAXIAL MG34 [Sd.Kfz.121 Luchs]: 4, 20MM KWK 30 [Sd.Kfz.121 Luchs]: 3, M1A1 AT MINE: 1, HULL MG34 [Sd.Kfz.161 Panzer IV]: 1",https://server2.82nd.gg/#/gamescoreboard/27343
Steam ID,weeman,76,24,3.17,14,0.87,0.28,3,0,0,0,11.00,1.00,Holden Tukox: 12,Dragon Lady: 28,SVT40: 76,https://server2.82nd.gg/#/gamescoreboard/27342
Steam ID,sfp,79,6,13.17,34,0.9,0.07,1,0,0,0,31.00,7.00,iYi Dulo: 2,iYi Dulo: 6,"M1 GARAND: 75, M1A1 THOMPSON: 4",https://server2.82nd.gg/#/gamescoreboard/27339
Steam ID,Scrimge,76,37,2.05,12,0.87,0.42,5,5,2,1,9.00,0.00,Pr0m3th3us: 7,Spirit: 5,"GEWEHR 43: 72, M43 STIELHANDGRANATE: 2, UNKNOWN: 1, KARABINER 98K: 1",https://server2.82nd.gg/#/gamescoreboard/27325
Steam ID,Sachyto,107,29,3.69,34,1.55,0.42,10,1,1,1,9.00,0.00,(WTH)SkinDred: 5,japes: 6,"150MM HOWITZER [sFH 18]: 91, MP40: 10, TELLERMINE 43: 3, KARABINER 98K: 2, M43 STIELHANDGRANATE: 1",https://server2.82nd.gg/#/gamescoreboard/27323
Steam ID,Tank McSpank,66,20,3.3,13,0.91,0.28,7,0,1,1,10.00,1.00,[FOG] BexXxR: 3,Benolder: 5,BROWNING M1919: 66,https://server2.82nd.gg/#/gamescoreboard/27308
Steam ID,PAR,75,15,5,20,0.85,0.17,4,1,3,1,13.00,1.00,The Sunfellow: 2,CowChris: 5,"GEWEHR 43: 35, STG44: 26, KARABINER 98K: 6, SATCHEL: 4, S-MINE: 2, UNKNOWN: 1, TELLERMINE 43: 1",https://server2.82nd.gg/#/gamescoreboard/27298
Steam ID,Rip,74,28,2.64,17,1.08,0.41,4,1,2,2,14.00,1.00,Malcom: 4,Evil Gestapo Man: 7,"STG44: 62, 150MM HOWITZER [sFH 18]: 7, M43 STIELHANDGRANATE: 5",https://server2.82nd.gg/#/gamescoreboard/27297
Steam ID,Mumija0007,86,19,4.53,39,1.09,0.24,3,0,0,0,18.00,1.00,Highmountain: 2,MAD NOOB: 8,"M1 GARAND: 80, MK2 GRENADE: 2, M1A1 THOMPSON: 2, UNKNOWN: 1, M3 GREASE GUN: 1",https://server2.82nd.gg/#/gamescoreboard/27296
Steam ID,Rip,89,16,5.56,28,1.05,0.19,2,1,0,0,15.00,1.00,[82AD] Ghost^Recon: 2,[82ADr] DopePope: 8,"STG44: 40, 155MM HOWITZER [M114]: 27, 150MM HOWITZER [sFH 18]: 16, M1918A2 BAR: 3, MK2 GRENADE: 1, M1A1 AT MINE: 1, M43 STIELHANDGRANATE: 1",https://server2.82nd.gg/#/gamescoreboard/27295
Steam ID,Towerful,65,29,2.24,7,0.82,0.37,4,0,0,0,5.00,1.00,[82AD] Terminator: 2,TazDev: 4,"FG42: 62, M43 STIELHANDGRANATE: 2, UNKNOWN: 1",https://server2.82nd.gg/#/gamescoreboard/27288
Steam ID,Multinefo,76,19,4,35,0.91,0.23,5,1,0,0,18.00,1.00,Cakestrike: 4,Mesias: 4,"76MM ZiS-5 [T34/76]: 32, MOSIN NAGANT 91/30: 22, SVT40: 7, MOSIN NAGANT 1891: 3, COAXIAL DT [T34/76]: 3, POMZ AP MINE: 3, PPSH 41 W/DRUM: 3, UNKNOWN: 2, SATCHEL CHARGE: 1",https://server2.82nd.gg/#/gamescoreboard/27279
Steam ID,Zombie Blaster,89,3,29.67,89,1.89,0.06,2,5,0,0,40.00,-1.00,[ITK]Farrison Hord: 2,DonaldKai: 14,"150MM HOWITZER [sFH 18]: 88, TELLERMINE 43: 1",https://server2.82nd.gg/#/gamescoreboard/27276
Steam ID,OssyThePuffyUnicorn<,94,9,10.44,42,1.27,0.12,2,4,0,0,18.00,1.00,Iccerus: 2,Chakrulo: 6,"75MM CANNON [Sd.Kfz.161 Panzer IV]: 39, COAXIAL MG34 [Sd.Kfz.181 Tiger 1]: 24, 88 KWK 36 L/56 [Sd.Kfz.181 Tiger 1]: 21, 50mm KwK 39/1 [Sd.Kfz.234 Puma]: 5, COAXIAL MG34 [Sd.Kfz.161 Panzer IV]: 3, WALTHER P38: 1, COAXIAL MG34 [Sd.Kfz.234 Puma]: 1",https://server2.82nd.gg/#/gamescoreboard/27271
Steam ID,unixdev,66,13,5.08,29,0.76,0.15,2,0,0,0,26.00,1.00,üÖ∂ I|I ‚ú™Manusa: 2,[SYG]Thanatos: 7,"SVT40: 65, MPL-50 SPADE: 1",https://server2.82nd.gg/#/gamescoreboard/27268
Steam ID,Slith,88,12,7.33,25,1.01,0.14,6,6,0,0,20.00,2.00,Unicorn Cyborg: 1,the_heatmiser: 7,"150MM HOWITZER [sFH 18]: 72, GEWEHR 43: 9, MG42: 3, SATCHEL: 2, MP40: 1, Opel Blitz (Supply): 1",https://server2.82nd.gg/#/gamescoreboard/27258
Steam ID,SMP,130,21,6.19,25,1.48,0.24,2,1,3,2,12.00,1.00,Xeon860: 2,Azunite: 9,"KARABINER 98K: 78, MP40: 36, STG44: 10, PANZERSCHRECK: 4, UNKNOWN: 1, FELDSPATEN: 1",https://server2.82nd.gg/#/gamescoreboard/27256
Steam ID,Slith,90,11,8.18,38,1.15,0.14,2,3,1,1,23.00,1.00,cbern40: 2,Cash_N: 8,"150MM HOWITZER [sFH 18]: 45, GEWEHR 43: 31, KARABINER 98K: 11, M43 STIELHANDGRANATE: 2, TELLERMINE 43: 1",https://server2.82nd.gg/#/gamescoreboard/27256
Steam ID,Super,72,10,7.2,36,1.34,0.19,3,3,0,0,13.00,1.00,Cope715: 5,Corn: 5,"155MM HOWITZER [M114]: 51, M1918A2 BAR: 21",https://server2.82nd.gg/#/gamescoreboard/27249
Steam ID,Rip,66,12,5.5,32,0.76,0.14,2,2,0,0,36.00,2.00,The Chocolate Jesus: 3,Prancing Tit: 6,"150MM HOWITZER [sFH 18]: 33, STG44: 30, M43 STIELHANDGRANATE: 3",https://server2.82nd.gg/#/gamescoreboard/27245
Steam ID,SESH || Mocha Cafe,74,13,5.69,19,1.46,0.26,2,0,1,1,15.00,0.00,Skum: 2,GutsMan: 4,"GEWEHR 43: 59, STG44: 11, UNKNOWN: 3, M43 STIELHANDGRANATE: 1",https://server2.82nd.gg/#/gamescoreboard/27233
Steam ID,Yuudai,79,13,6.08,24,0.87,0.14,2,1,0,0,12.00,1.00,Elucive: 2,Reverend Seaman: 5,M1 GARAND: 79,https://server2.82nd.gg/#/gamescoreboard/27214
Steam ID,petscu,72,29,2.48,8,0.8,0.32,3,0,1,1,9.00,0.00,O.D.: 3,Von Strohm: 6,"M1 GARAND: 62, M3 GREASE GUN: 7, MK2 GRENADE: 3",https://server2.82nd.gg/#/gamescoreboard/27213
Steam ID,Vabbu,67,5,13.4,22,2.21,0.17,2,0,0,0,7.00,1.00,Barns: 1,Fogel: 5,FG42 x4: 67,https://server2.82nd.gg/#/gamescoreboard/27204
Steam ID,SESH || Mocha Cafe,66,43,1.53,12,0.75,0.49,6,2,1,1,10.00,0.00,Gengis: 5,Olank: 6,"M1 GARAND: 40, M1918A2 BAR: 14, SATCHEL: 4, M1 CARBINE: 3, UNKNOWN: 2, MK2 GRENADE: 2, M3 GREASE GUN: 1",https://server2.82nd.gg/#/gamescoreboard/27200
Steam ID,soapfuii,112,14,8,34,1.3,0.16,4,5,0,0,20.00,0.00,Grizzly22: 9,Grizzly22: 8,"150MM HOWITZER [sFH 18]: 95, KARABINER 98K: 13, GEWEHR 43: 3, S-MINE: 1",https://server2.82nd.gg/#/gamescoreboard/27185
Steam ID,Rook,76,21,3.62,16,0.86,0.24,5,0,0,0,11.00,1.00,Banzai-4-H_entai: 6,B3RT: 4,"MG42: 52, KARABINER 98K: 12, MP40: 7, GEWEHR 43: 4, LUGER P08: 1",https://server2.82nd.gg/#/gamescoreboard/27185
Steam ID,SMP,73,22,3.32,15,1.24,0.37,2,0,0,0,6.00,0.00,Palleralli: 3,K_Roc: 6,"MP40: 49, STG44: 12, KARABINER 98K: 5, M43 STIELHANDGRANATE: 3, GEWEHR 43: 2, MG34: 1, UNKNOWN: 1",https://server2.82nd.gg/#/gamescoreboard/27182
Steam ID,teddy,93,15,6.2,51,1.52,0.25,2,1,1,1,9.00,1.00,Kanf: 3,Kanf: 6,"150MM HOWITZER [sFH 18]: 60, MP40: 14, GEWEHR 43: 14, M43 STIELHANDGRANATE: 4, UNKNOWN: 1",https://server2.82nd.gg/#/gamescoreboard/27173
Steam ID,Tomel,78,6,13,35,1.06,0.08,3,3,0,0,32.00,1.00,Frederick: 2,SESH || Black41Aces: 7,"76MM M1 GUN [Sherman M4A3E2(76)]: 56, COAXIAL M1919 [Sherman M4A3E2(76)]: 15, M6 37mm [M8 Greyhound]: 4, COAXIAL M1919 [Sherman M4A1]: 2, COAXIAL M1919 [M8 Greyhound]: 1",https://server2.82nd.gg/#/gamescoreboard/27158
Steam ID,SESH || Mocha Cafe,97,30,3.23,19,1.18,0.37,6,1,0,0,17.00,0.00,Tomel: 7,exel: 6,"GEWEHR 43: 95, KARABINER 98K: 2",https://server2.82nd.gg/#/gamescoreboard/27158
Steam ID,Pancho,66,27,2.44,28,0.75,0.31,4,1,0,0,20.00,0.00,[82AD] FERGIE: 3,Gunslinger25: 5,"150MM HOWITZER [sFH 18]: 47, MP40: 13, GEWEHR 43: 4, M43 STIELHANDGRANATE: 2",https://server2.82nd.gg/#/gamescoreboard/27124
Steam ID,Nils,71,4,17.75,55,0.81,0.05,1,1,0,0,35.00,11.00,dani206: 1,AmBallas: 5,"76MM M1 GUN [Sherman M4A3E2(76)]: 38, COAXIAL M1919 [Sherman M4A3E2(76)]: 17, 75MM CANNON [Sherman M4A1]: 7, COAXIAL M1919 [Sherman M4A1]: 5, HULL M1919 [Sherman M4A3E2(76)]: 4",https://server2.82nd.gg/#/gamescoreboard/27124
Steam ID,rmcm00,77,3,25.67,76,2.06,0.08,1,2,0,0,27.00,2.00,SkidMark [dk]: 2,Involuntary Diaspora: 5,"155MM HOWITZER [M114]: 76, M1 GARAND: 1",https://server2.82nd.gg/#/gamescoreboard/27111
Steam ID,PVT Nipple üÖΩ,70,12,5.83,29,0.86,0.15,3,4,0,0,23.00,1.00,Hawkon: 3,tanksdkfz: 4,"76MM M1 GUN [Sherman M4A3E2(76)]: 34, 37MM CANNON [Stuart M5A1]: 20, COAXIAL M1919 [Sherman M4A3E2(76)]: 5, M1A1 THOMPSON: 3, HULL M1919 [Stuart M5A1]: 3, COAXIAL M1919 [Stuart M5A1]: 2, HULL M1919 [Sherman M4A3E2(76)]: 1, TELLERMINE 43: 1, HULL M1919 [Sherman M4A1]: 1",https://server2.82nd.gg/#/gamescoreboard/27095
Steam ID,Onyx,78,18,4.33,66,0.97,0.22,6,5,0,0,44.00,1.00,The Rat King: 2,MrButters12: 5,"150MM HOWITZER [sFH 18]: 63, MP40: 8, S-MINE: 3, M43 STIELHANDGRANATE: 2, UNKNOWN: 1, TELLERMINE 43: 1",https://server2.82nd.gg/#/gamescoreboard/27095
Steam ID,Znake,80,3,26.67,73,1.28,0.05,1,0,0,0,57.00,0.00,NASI793: 1,[TM] ‚ô•Ae Fox‚ù§: 7,"GEWEHR 43: 79, WALTHER P38: 1",https://server2.82nd.gg/#/gamescoreboard/27080
Steam ID,STRUTCH FARM,90,55,1.64,13,1.03,0.63,5,1,3,1,5.00,0.00,KolviHarri: 7,[483] Ferow: 8,"M1A1 THOMPSON: 73, MK2 GRENADE: 12, M1 GARAND: 4, UNKNOWN: 1",https://server2.82nd.gg/#/gamescoreboard/27079
Steam ID,Sir Patron 91,66,27,2.44,14,0.84,0.35,4,0,1,1,14.00,0.00,LrttüíØ: 4,m4a1 assault rifle: 5,"MP40: 56, M43 STIELHANDGRANATE: 4, TELLERMINE 43: 3, KARABINER 98K: 2, M24 STIELHANDGRANATE: 1",https://server2.82nd.gg/#/gamescoreboard/27053
Steam ID,Telford,102,10,10.2,70,1.5,0.15,2,5,0,0,12.00,1.00,Bill the Butcher: 3,King_N0thing: 6,"150MM HOWITZER [sFH 18]: 82, STRAFING RUN: 8, BOMBING RUN: 6, MP40: 2, TELLERMINE 43: 2, UNKNOWN: 1, KARABINER 98K: 1",https://server2.82nd.gg/#/gamescoreboard/27048
Steam ID,ScrumMaster,66,3,22,64,0.96,0.04,2,0,0,0,36.00,5.00,GraF: 1,jokerclown: 4,"75MM CANNON [Sherman M4A1]: 45, COAXIAL M1919 [Sherman M4A1]: 18, HULL M1919 [Sherman M4A3E2(76)]: 2, Opel Blitz (Supply): 1",https://server2.82nd.gg/#/gamescoreboard/27048
Steam ID,VigelantBG,83,10,8.3,45,0.94,0.11,2,9,0,0,19.00,0.00,Black Rifles Matter: 6,Black Rifles Matter: 5,"150MM HOWITZER [sFH 18]: 76, MP40: 7",https://server2.82nd.gg/#/gamescoreboard/27032
Steam ID,Swerico,90,5,18,89,2.24,0.12,4,4,0,0,33.00,1.00,Bulletspongie: 2,dantachhh: 6,"150MM HOWITZER [sFH 18]: 88, GEWEHR 43: 2",https://server2.82nd.gg/#/gamescoreboard/27030
Steam ID,Staydirt,79,0,79,79,1.88,0,0,16,0,0,0.00,167.00,,Mr.MassiveBallson: 7,150MM HOWITZER [sFH 18]: 79,https://server2.82nd.gg/#/gamescoreboard/27026
