Name,Kills,Deaths,K/D,Max kill streak,Kill(s) / minute,Death(s) / minute,Max death streak,Max TK streak,Death by TK,Death by TK Streak,(aprox.) Longest life min.,(aprox.) Shortest life secs.,Nemesis,Victim,Weapons,game_id
Shizune,81,4,20.25,60,1.09,0.05,1,2,0,0,38.00,5.00,TimFinnegan: 1,Ocelot: 4,"75MM CANNON [Sherman M4A3(75)W]: 31, COAXIAL M1919 [Sherman M4A3(75)W]: 19, 37MM CANNON [Stuart M5A1]: 10, COAXIAL M1919 [Sherman M4A3E2(76)]: 10, 76MM M1 GUN [Sherman M4A3E2(76)]: 8, COAXIAL M1919 [Stuart M5A1]: 3",http://178.18.254.195:8010/#/gamescoreboard/5166
S.S.O. | Petrus,65,11,5.91,19,0.88,0.15,2,1,0,0,14.00,1.00,ZigZag: 2,Arthasus: 4,"BOMBING RUN: 43, M1 GARAND: 17, M3 KNIFE: 2, PRECISION STRIKE: 2, M1A1 THOMPSON: 1",http://178.18.254.195:8010/#/gamescoreboard/5166
WeBe,91,2,45.5,76,1.05,0.02,1,0,0,0,18.00,11.00,(SDI)SSgt.Wolf: 1,Ricky: 10,"KARABINER 98K x8: 84, FG42 x4: 7",http://178.18.254.195:8010/#/gamescoreboard/5161
ArchAngel [UA],70,15,4.67,58,0.8,0.17,4,3,1,1,26.00,1.00,WaTaHa || Lukar: 2,Maester â—¢â—¤: 5,"75MM CANNON [Sd.Kfz.161 Panzer IV]: 60, STG44: 4, M1A1 AT MINE: 2, M43 STIELHANDGRANATE: 2, COAXIAL MG34 [Sd.Kfz.181 Tiger 1]: 2",http://178.18.254.195:8010/#/gamescoreboard/5152
Robin52905,67,39,1.72,13,0.77,0.45,4,0,2,1,6.00,1.00,Pyro: 3,EmElo: 4,"GEWEHR 43: 22, MP40: 12, STG44: 11, KARABINER 98K: 11, MG42: 5, WALTHER P38: 3, M43 STIELHANDGRANATE: 3",http://178.18.254.195:8010/#/gamescoreboard/5152
MateÅ‚ka[PL],83,21,3.95,17,0.94,0.24,3,0,1,1,16.00,0.00,R.E.N.: 3,Amper_PL: 9,"MG42: 46, KARABINER 98K: 23, PANZERSCHRECK: 6, LUGER P08: 5, FELDSPATEN: 2, M43 STIELHANDGRANATE: 1",http://178.18.254.195:8010/#/gamescoreboard/5151
S.S.O. | naften,66,5,13.2,27,0.76,0.06,1,3,0,0,32.00,6.00,Mega Kret 4040: 2,WaTaHa || NiedÅºwiedÅº: 9,"GEWEHR 43: 57, STRAFING RUN: 7, BOMBING RUN: 2",http://178.18.254.195:8010/#/gamescoreboard/5149
AKA-corne,83,21,3.95,23,0.91,0.23,5,3,2,1,17.00,0.00,WaTaHa || NiedÅºwiedÅº: 5,OnyxN7: 8,"122MM HOWITZER [M1938 (M-30)]: 36, DP-27: 21, SVT40: 19, MOSIN NAGANT 91/30: 6, PTRS-41: 1",http://178.18.254.195:8010/#/gamescoreboard/5137
Amper_PL,70,4,17.5,26,0.79,0.05,2,20,0,0,13.00,4.00,CRAXA: 1,kaluch stunt: 4,"Unknown: 67, PPSH 41: 1, TM-35 AT MINE: 1, PPSH 41 W/DRUM: 1",http://178.18.254.195:8010/#/gamescoreboard/5137
blacky ghost,65,42,1.55,7,0.74,0.48,5,0,1,1,6.00,1.00,AKA-corne: 5,S.S.O. | piachy18: 4,"STG44: 61, UNKNOWN: 2, M43 STIELHANDGRANATE: 2",http://178.18.254.195:8010/#/gamescoreboard/5137
WielogÅ‚Ã³w,80,0,80,80,2.26,0,0,3,0,0,0.00,167.00,,Szkolna 17â„¢ Wojtek S: 5,155MM HOWITZER [M114]: 80,http://178.18.254.195:8010/#/gamescoreboard/5136
S.S.O. | Majess,74,28,2.64,17,0.85,0.32,4,0,3,1,10.00,1.00,gi99: 3,AleksiejPavlovPL: 5,"STG44: 68, M43 STIELHANDGRANATE: 4, UNKNOWN: 1, M2 AP MINE: 1",http://178.18.254.195:8010/#/gamescoreboard/5125
Gulczas88,73,18,4.06,13,0.84,0.21,2,0,0,0,16.00,1.00,S.S.O. | Styks: 4,Kuklis: 5,"KARABINER 98K x8: 66, WALTHER P38: 6, FELDSPATEN: 1",http://178.18.254.195:8010/#/gamescoreboard/5124
Michaello.pl,67,27,2.48,14,0.76,0.31,6,0,4,2,9.00,0.00,Gimby_nie_znajo: 3,HubSon: 5,"KARABINER 98K x8: 60, WALTHER P38: 6, FG42 x4: 1",http://178.18.254.195:8010/#/gamescoreboard/5110
K1eszczu,85,1,85,84,1.16,0.01,1,14,0,0,9.00,9.00,Szkot: 1,nocny_napoleon: 9,"150MM HOWITZER [sFH 18]: 84, 50mm KwK 39/1 [Sd.Kfz.234 Puma]: 1",http://178.18.254.195:8010/#/gamescoreboard/5109
Athaney66,72,35,2.06,16,0.84,0.41,7,1,0,0,8.00,0.00,x_O CantDoShiet: 4,HaiyÅ«: 5,"M1 GARAND: 69, BAZOOKA: 2, M1A1 THOMPSON: 1",http://178.18.254.195:8010/#/gamescoreboard/5091
Kabanos,65,21,3.1,18,1.28,0.41,4,0,0,0,10.00,0.00,MiloXY: 3,Czoczo(PL): 5,"MG42: 61, KARABINER 98K: 4",http://178.18.254.195:8010/#/gamescoreboard/5090
Mleczko,130,3,43.33,119,1.49,0.03,2,7,0,0,68.00,1.00,jjonezi: 1,Barabasz: 9,"150MM HOWITZER [sFH 18]: 117, KARABINER 98K: 11, UNKNOWN: 1, M1A1 AT MINE: 1",http://178.18.254.195:8010/#/gamescoreboard/5088
HubiK,65,26,2.5,11,0.74,0.3,4,0,0,0,12.00,0.00,jjonezi: 4,Lauri TÃ¶rni: 3,"MG42: 31, GEWEHR 43: 25, MP40: 8, M43 STIELHANDGRANATE: 1",http://178.18.254.195:8010/#/gamescoreboard/5088
WaTaHa || Sebinho,65,10,6.5,45,0.73,0.11,3,1,0,0,42.00,1.00,WaTaHa || Veoon97: 2,MR_MAYHEM: 5,"150MM HOWITZER [sFH 18]: 43, 50mm KwK 39/1 [Sd.Kfz.234 Puma]: 11, GEWEHR 43: 3, MP40: 3, PANZERSCHRECK: 1, UNKNOWN: 1, TELLERMINE 43: 1, FELDSPATEN: 1, KARABINER 98K: 1",http://178.18.254.195:8010/#/gamescoreboard/5088
HLL.PL | karl,77,30,2.57,10,0.87,0.34,3,0,0,0,7.00,0.00,Mansky: 5,Urwis: 5,"M1 GARAND: 72, MK2 GRENADE: 5",http://178.18.254.195:8010/#/gamescoreboard/5050
ChillOut.,68,9,7.56,32,0.78,0.1,3,0,0,0,19.00,3.00,WaTaHa || Goodolboy: 3,banowos: 4,"37MM CANNON [Stuart M5A1]: 19, 75MM CANNON [Sherman M4A3(75)W]: 12, 76MM M1 GUN [Sherman M4A3E2(76)]: 11, COAXIAL M1919 [M8 Greyhound]: 6, M6 37mm [M8 Greyhound]: 6, COAXIAL M1919 [Stuart M5A1]: 6, COAXIAL M1919 [Sherman M4A3E2(76)]: 4, COLT M1911: 1, COAXIAL M1919: 1, TELLERMINE 43: 1, COAXIAL M1919 [Sherman M4A3(75)W]: 1",http://178.18.254.195:8010/#/gamescoreboard/5050
Viking Warrior,123,3,41,66,2.4,0.06,2,2,0,0,28.00,2.00,WaTaHa || Ponury: 2,looane: 11,"150MM HOWITZER [sFH 18]: 120, GEWEHR 43: 2, M1A1 AT MINE: 1",http://178.18.254.195:8010/#/gamescoreboard/5037
WaTaHa || NiedÅºwiedÅº,102,6,17,79,2.03,0.12,4,5,0,0,26.00,0.00,Yasu0oo: 2,Echo: 6,"155MM HOWITZER [M114]: 100, M1 GARAND: 2",http://178.18.254.195:8010/#/gamescoreboard/5037
Gliniarz z Miami,85,13,6.54,34,0.98,0.15,3,0,1,1,18.00,0.00,GregMeister: 2,FaZe kokos-_-: 5,"GEWEHR 43: 83, WALTHER P38: 1, M43 STIELHANDGRANATE: 1",http://178.18.254.195:8010/#/gamescoreboard/5029
Dindle,82,27,3.04,19,1.03,0.34,4,0,1,1,12.00,1.00,Borsuk: 2,Long Swordsman: 7,"GEWEHR 43: 67, M1 GARAND: 9, M1918A2 BAR: 6",http://178.18.254.195:8010/#/gamescoreboard/5029
Ja_kuban,69,14,4.93,57,0.94,0.19,4,2,0,0,28.00,1.00,HLL.PL | Osman90s: 2,Miroa: 7,"150MM HOWITZER [sFH 18]: 60, MP40: 9",http://178.18.254.195:8010/#/gamescoreboard/5029
WaTaHa || Goodolboy,80,32,2.5,11,0.91,0.37,3,1,1,1,6.00,1.00,WaTaHa || Veoon97: 3,WaTaHa || Lukar: 7,"M1 GARAND: 66, BAZOOKA: 7, M1A1 THOMPSON: 6, MK2 GRENADE: 1",http://178.18.254.195:8010/#/gamescoreboard/5028
Svend,73,29,2.52,10,0.89,0.36,4,0,0,0,9.00,1.00,WaTaHa || Goodolboy: 7,ErPeG: 4,"GEWEHR 43: 54, MP40: 12, M43 STIELHANDGRANATE: 4, SATCHEL: 2, UNKNOWN: 1",http://178.18.254.195:8010/#/gamescoreboard/5028
Tankista Stachu,65,7,9.29,16,0.74,0.08,2,2,0,0,23.00,5.00,Garnek: 3,Garnek: 4,"75MM CANNON [Sherman M4A3(75)W]: 30, 76MM M1 GUN [Sherman M4A3E2(76)]: 22, COAXIAL M1919 [Sherman M4A3E2(76)]: 6, COAXIAL M1919 [Sherman M4A3(75)W]: 5, COLT M1911: 1, M1A1 AT MINE: 1",http://178.18.254.195:8010/#/gamescoreboard/5028
WielogÅ‚Ã³w,202,5,40.4,104,2.32,0.06,1,11,0,0,32.00,7.00,WaTaHa || NiedÅºwiedÅº: 3,Isengrim: 14,"155MM HOWITZER [M114]: 201, M1 GARAND: 1",http://178.18.254.195:8010/#/gamescoreboard/5019
WaTaHa || Joy,152,14,10.86,54,1.75,0.16,2,6,0,0,24.00,0.00,S.S.O. | Motorniczy: 7,"Are you winning, son: 10","150MM HOWITZER [sFH 18]: 144, GEWEHR 43: 8",http://178.18.254.195:8010/#/gamescoreboard/5019
[KGrR] M.Wittman,85,3,28.33,29,0.97,0.03,1,4,0,0,35.00,18.00,Villswin: 1,WaTaHa || DarkSunPL: 5,"75MM CANNON [Sd.Kfz.171 Panther]: 51, COAXIAL MG34 [Sd.Kfz.171 Panther]: 33, M1A1 AT MINE: 1",http://178.18.254.195:8010/#/gamescoreboard/5019
[KGrR] M.Wittman,66,5,13.2,30,0.86,0.07,1,2,1,1,34.00,2.00,WaTaHa || Joy: 2,fIOLEK: 7,"75MM CANNON [Sd.Kfz.171 Panther]: 49, COAXIAL MG34 [Sd.Kfz.171 Panther]: 15, UNKNOWN: 1, 50mm KwK 39/1 [Sd.Kfz.234 Puma]: 1",http://178.18.254.195:8010/#/gamescoreboard/5018
[BST2] Kilroy,110,3,36.67,76,1.7,0.05,1,10,0,0,36.00,1.00,Animag: 1,Animag: 8,"155MM HOWITZER [M114]: 105, M1 GARAND: 4, UNKNOWN: 1",http://178.18.254.195:8010/#/gamescoreboard/5017
WinnerDrake,94,3,31.33,73,1.44,0.05,2,0,0,0,32.00,1.00,RoA Rdm.: 2,Ali G: 6,"150MM HOWITZER [sFH 18]: 88, MG42: 5, M1A1 AT MINE: 1",http://178.18.254.195:8010/#/gamescoreboard/5017
AnSferr2x ãƒ„,96,13,7.38,43,1.21,0.16,3,0,0,0,27.00,2.00,Frost: 2,Tigus: 11,"KARABINER 98K x8: 94, BOMBING RUN: 1, WALTHER P38: 1",http://178.18.254.195:8010/#/gamescoreboard/5016
Raspberry,90,7,12.86,35,1.13,0.09,2,2,0,0,27.00,2.00,S.S.O. | Zielony: 2,Escape.: 5,"20MM KWK 30 [Sd.Kfz.121 Luchs]: 45, COAXIAL MG34 [Sd.Kfz.121 Luchs]: 22, 75MM CANNON [Sd.Kfz.161 Panzer IV]: 16, LUGER P08: 3, COAXIAL MG34 [Sd.Kfz.161 Panzer IV]: 3, UNKNOWN: 1",http://178.18.254.195:8010/#/gamescoreboard/5016
PoliteFire09,71,2,35.5,38,0.95,0.03,1,0,0,0,31.00,7.00,OzzyMan: 1,Kermit: 6,"88 KWK 36 L/56 [Sd.Kfz.181 Tiger 1]: 30, 75MM CANNON [Sd.Kfz.161 Panzer IV]: 25, COAXIAL MG34 [Sd.Kfz.161 Panzer IV]: 13, COAXIAL MG34 [Sd.Kfz.181 Tiger 1]: 2, COAXIAL MG34 [Sd.Kfz.171 Panther]: 1",http://178.18.254.195:8010/#/gamescoreboard/5015
Nestaaa27,76,16,4.75,25,1.3,0.27,3,0,0,0,8.00,1.00,-=FFF=-HeathenParrot: 3,unatapisztin: 5,"GEWEHR 43: 70, M43 STIELHANDGRANATE: 6",http://178.18.254.195:8010/#/gamescoreboard/5014
[KGrR] Goghed,72,4,18,48,0.9,0.05,1,1,0,0,43.00,10.00,Seb@: 1,Tsar: 5,"75MM CANNON [Sd.Kfz.171 Panther]: 57, COAXIAL MG34 [Sd.Kfz.171 Panther]: 8, 20MM KWK 30 [Sd.Kfz.121 Luchs]: 7",http://178.18.254.195:8010/#/gamescoreboard/5014
Gimortal,74,24,3.08,10,0.93,0.3,3,1,0,0,7.00,1.00,V4D3RPL: 2,MATiASSek: 6,"PPSH 41: 70, RG-42 GRENADE: 4",http://178.18.254.195:8010/#/gamescoreboard/5007
halabala,82,6,13.67,36,0.91,0.07,2,5,0,0,36.00,1.00,GÃ©minis: 2,Crux: 6,"155MM HOWITZER [M114]: 77, M1 CARBINE: 2, MK2 GRENADE: 2, UNKNOWN: 1",http://178.18.254.195:8010/#/gamescoreboard/4989
Ronald Speirs.THC,72,7,10.29,49,0.83,0.08,1,0,0,0,41.00,2.00,Gliniarz z Miami: 2,S.S.O. | SKJALD: 7,"M1 GARAND: 68, BAZOOKA: 3, M3 KNIFE: 1",http://178.18.254.195:8010/#/gamescoreboard/4989
[VLK] ronin,72,23,3.13,15,0.83,0.26,3,1,1,1,10.00,1.00,HaiyÅ«: 2,szer. Krasulak: 5,"M1 GARAND: 58, BAZOOKA: 9, MK2 GRENADE: 5",http://178.18.254.195:8010/#/gamescoreboard/4974
Raspberry,68,21,3.24,53,0.79,0.24,4,0,0,0,4.00,0.00,DNX: 3,Steiner: 5,"88 KWK 36 L/56 [Sd.Kfz.181 Tiger 1]: 43, COAXIAL MG34 [Sd.Kfz.181 Tiger 1]: 10, GEWEHR 43: 8, MP40: 5, STG44: 1, WALTHER P38: 1",http://178.18.254.195:8010/#/gamescoreboard/4974
Crentist,86,3,28.67,58,1.17,0.04,3,9,0,0,36.00,1.00,[SUTY]â˜­Reznofâ˜­: 3,babica oliviera: 5,155MM HOWITZER [M114]: 86,http://178.18.254.195:8010/#/gamescoreboard/4964
Random_Mask,71,21,3.38,17,1.0,0.3,4,0,0,0,14.00,1.00,WaTaHa || ZekPe: 3,â™¥Ira Deiiâ„¢: 6,"MP40: 27, MG42: 18, 75MM CANNON [PAK 40]: 16, M43 STIELHANDGRANATE: 5, GEWEHR 43: 3, S-MINE: 1, UNKNOWN: 1",http://178.18.254.195:8010/#/gamescoreboard/4964
Zly,68,1,68,38,1.33,0.02,1,2,0,0,22.00,22.00,Mauser25: 1,psotny wiatr: 4,"76MM M1 GUN [Sherman M4A3E2(76)]: 32, 75MM CANNON [Sherman M4A3(75)W]: 28, COAXIAL M1919 [Sherman M4A3E2(76)]: 6, COAXIAL M1919 [Sherman M4A3(75)W]: 2",http://178.18.254.195:8010/#/gamescoreboard/4948
smok3r,84,12,7,78,0.97,0.14,7,2,0,0,36.00,1.00,The Muffin Man: 2,Bayaz: 5,"150MM HOWITZER [sFH 18]: 78, KARABINER 98K: 5, WALTHER P38: 1",http://178.18.254.195:8010/#/gamescoreboard/4933
WaTaHa || Presidento,71,7,10.14,48,0.92,0.09,2,1,1,1,19.00,1.00,WaTaHa || Joy: 2,KAPI_FAST_ATTACK_è¢­å‡»: 4,"88 KWK 36 L/56 [Sd.Kfz.181 Tiger 1]: 36, COAXIAL MG34 [Sd.Kfz.181 Tiger 1]: 16, 75MM CANNON [Sd.Kfz.161 Panzer IV]: 9, MG42: 5, Sherman M4A3(75)W: 2, COAXIAL MG34 [Sd.Kfz.161 Panzer IV]: 2, 50mm KwK 39/1 [Sd.Kfz.234 Puma]: 1",http://178.18.254.195:8010/#/gamescoreboard/4933
Malza î„¨,69,44,1.57,13,0.79,0.51,5,0,0,0,8.00,0.00,(WTH) Blank: 6,BochenMorderca: 5,"M1 GARAND: 60, BAZOOKA: 6, MK2 GRENADE: 3",http://178.18.254.195:8010/#/gamescoreboard/4933
Le-GUY,92,43,2.14,23,1.1,0.51,5,0,1,1,10.00,0.00,S.S.O. | Joni Walker: 5,kk: 6,"M1 GARAND: 82, BAZOOKA: 9, M3 KNIFE: 1",http://178.18.254.195:8010/#/gamescoreboard/4928
Bastusek_pl,72,25,2.88,27,0.84,0.29,4,3,1,1,27.00,0.00,[KGrR]Flg. Zgred: 8,[ VLK ]Baliqec: 6,"155MM HOWITZER [M114]: 58, M1 GARAND: 5, M1A1 THOMPSON: 5, BAZOOKA: 3, MK2 GRENADE: 1",http://178.18.254.195:8010/#/gamescoreboard/4928
S.S.O. | Joni Walker,71,15,4.73,18,0.83,0.18,3,0,0,0,12.00,1.00,Le-GUY: 3,scrotum snatcher: 6,GEWEHR 43: 71,http://178.18.254.195:8010/#/gamescoreboard/4928
S.S.O. | Cacer,66,5,13.2,43,0.76,0.06,2,0,0,0,45.00,2.00,Damas: 1,stano12330: 6,"76MM M1 GUN [Sherman M4A3E2(76)]: 49, 75MM CANNON [Sherman M4A3(75)W]: 11, COAXIAL M1919 [Sherman M4A3(75)W]: 3, COAXIAL M1919 [Sherman M4A3E2(76)]: 3",http://178.18.254.195:8010/#/gamescoreboard/4928
K1eszczu,87,29,3,53,1.13,0.38,7,5,0,0,18.00,1.00,pakalong: 5,Mielu: 8,"150MM HOWITZER [sFH 18]: 62, MG42: 19, KARABINER 98K: 4, S-MINE: 2",http://178.18.254.195:8010/#/gamescoreboard/4927
S.S.O. | Cacer,82,3,27.33,78,1.08,0.04,2,0,0,0,62.00,1.00,S.S.O. | Joni Walker: 2,SpartanCt7567: 7,"75MM CANNON [Sd.Kfz.171 Panther]: 60, COAXIAL MG34 [Sd.Kfz.171 Panther]: 22",http://178.18.254.195:8010/#/gamescoreboard/4927
WaTaHa||KOMORNIK_CTU,70,22,3.18,15,0.87,0.27,3,0,4,1,14.00,0.00,xMarshadow: 3,Wiiihajster: 7,"FG42 x4: 60, KARABINER 98K x8: 10",http://178.18.254.195:8010/#/gamescoreboard/4906
WielogÅ‚Ã³w,79,2,39.5,48,0.98,0.02,1,4,0,0,51.00,6.00,Iain: 1,jAny36: 4,"122MM HOWITZER [M1938 (M-30)]: 78, UNKNOWN: 1",http://178.18.254.195:8010/#/gamescoreboard/4905
WielogÅ‚Ã³w,87,14,6.21,24,0.98,0.16,3,1,0,0,12.00,1.00,radzimirus: 11,radzimirus: 9,"155MM HOWITZER [M114]: 79, M1 GARAND: 7, MK2 GRENADE: 1",http://178.18.254.195:8010/#/gamescoreboard/4888
S.S.O. | naften,74,10,7.4,23,0.85,0.11,2,1,0,0,24.00,0.00,ElvinE5: 2,Jan Gleosia: 6,"M1 GARAND: 69, M1A1 THOMPSON: 4, UNKNOWN: 1",http://178.18.254.195:8010/#/gamescoreboard/4888
S.S.O. I M4ci3j,68,12,5.67,20,0.77,0.14,2,0,0,0,15.00,1.00,WielogÅ‚Ã³w: 2,snoxyy: 4,"KARABINER 98K x8: 52, FG42 x4: 16",http://178.18.254.195:8010/#/gamescoreboard/4888
Smola von Stont,67,24,2.79,38,0.76,0.27,4,4,2,1,21.00,1.00,Okulio: 3,YOURI/TK: 5,"155MM HOWITZER [M114]: 42, M1A1 THOMPSON: 23, MK2 GRENADE: 1, M97 TRENCH GUN: 1",http://178.18.254.195:8010/#/gamescoreboard/4874
PiÅ‚Sutki,66,4,16.5,46,1.36,0.08,3,4,0,0,20.00,2.00,neeko $$ >-<: 2,Zypcio: 5,"155MM HOWITZER [M114]: 65, M1 CARBINE: 1",http://178.18.254.195:8010/#/gamescoreboard/4872
KichioMaku,70,35,2,14,0.91,0.45,3,0,0,0,8.00,1.00,S.S.O. | Majess: 5,Dycha: 5,"M1 GARAND: 61, BAZOOKA: 6, MK2 GRENADE: 2, UNKNOWN: 1",http://178.18.254.195:8010/#/gamescoreboard/4850
Mariolg733,90,18,5,16,1.05,0.21,2,0,1,1,11.00,1.00,STEFEK: 2,Kubuszek: 6,"GEWEHR 43: 89, UNKNOWN: 1",http://178.18.254.195:8010/#/gamescoreboard/4848
Chuck,106,4,26.5,104,1.21,0.05,4,5,0,0,9.00,4.00,WASKI: 2,BARY: 10,"155MM HOWITZER [M114]: 104, Opel Blitz (Transport): 1, HULL M1919 [Sherman M4A3(75)W]: 1",http://178.18.254.195:8010/#/gamescoreboard/4838
S.S.O. | SKJALD,92,0,92,92,1.05,0,0,0,1,1,0.00,-1.00,,Ardennes Geist: 8,"75MM CANNON [Sd.Kfz.161 Panzer IV]: 58, 20MM KWK 30 [Sd.Kfz.121 Luchs]: 18, COAXIAL MG34 [Sd.Kfz.161 Panzer IV]: 16",http://178.18.254.195:8010/#/gamescoreboard/4838
Xanderek,80,8,10,50,0.91,0.09,2,0,0,0,49.00,1.00,WaTaHa || Kirkor: 3,Papa James: 5,"KARABINER 98K x8: 79, WALTHER P38: 1",http://178.18.254.195:8010/#/gamescoreboard/4838
JacuÅ›â™¥,78,5,15.6,66,1.06,0.07,3,0,0,0,34.00,1.00,Killer_Queen: 3,skuchryk: 6,"150MM HOWITZER [sFH 18]: 74, KARABINER 98K: 3, UNKNOWN: 1",http://178.18.254.195:8010/#/gamescoreboard/4838
Agvid,75,7,10.71,42,0.87,0.08,2,0,0,0,44.00,1.00,Chuck: 2,Conwazzle: 7,"88 KWK 36 L/56 [Sd.Kfz.181 Tiger 1]: 37, 50mm KwK 39/1 [Sd.Kfz.234 Puma]: 15, 20MM KWK 30 [Sd.Kfz.121 Luchs]: 6, COAXIAL MG34 [Sd.Kfz.234 Puma]: 5, COAXIAL MG34 [Sd.Kfz.181 Tiger 1]: 5, MG42: 4, COAXIAL MG34 [Sd.Kfz.121 Luchs]: 3",http://178.18.254.195:8010/#/gamescoreboard/4838
What is love?,71,11,6.45,31,0.9,0.14,3,0,0,0,13.00,1.00,Xanderek: 3,single: 6,"BROWNING M1919: 70, COLT M1911: 1",http://178.18.254.195:8010/#/gamescoreboard/4838
WaTaHa || Sebinho,70,13,5.38,42,0.8,0.15,3,6,0,0,35.00,1.00,XenoMorda: 3,Doctor Bees: 5,"150MM HOWITZER [sFH 18]: 58, MP40: 8, GEWEHR 43: 3, MG 42 [Sd.Kfz 251 Half-track]: 1",http://178.18.254.195:8010/#/gamescoreboard/4826
[ARC] Shifty,101,15,6.73,22,2.04,0.3,4,0,3,1,9.00,0.00,S.S.O. | Kaczuszka: 2,Dictator Buba: 7,"GEWEHR 43: 82, M43 STIELHANDGRANATE: 8, STG44: 3, SATCHEL: 3, KARABINER 98K: 3, UNKNOWN: 1, PANZERSCHRECK: 1",http://178.18.254.195:8010/#/gamescoreboard/4821
Piggo-Sensei,84,10,8.4,39,0.96,0.11,3,0,0,0,16.00,2.00,alex: 3,Sentinel: 6,"75MM CANNON [Sd.Kfz.171 Panther]: 31, 20MM KWK 30 [Sd.Kfz.121 Luchs]: 17, 75MM CANNON [Sd.Kfz.161 Panzer IV]: 9, 50mm KwK 39/1 [Sd.Kfz.234 Puma]: 8, COAXIAL MG34 [Sd.Kfz.171 Panther]: 8, COAXIAL MG34 [Sd.Kfz.121 Luchs]: 4, COAXIAL MG34 [Sd.Kfz.234 Puma]: 4, COAXIAL MG34 [Sd.Kfz.161 Panzer IV]: 2, COAXIAL MG34: 1",http://178.18.254.195:8010/#/gamescoreboard/4812
S.S.O. | Cichy86--PL,69,19,3.63,26,0.78,0.22,5,3,0,0,12.00,1.00,Tempersix: 1,bappo: 6,"150MM HOWITZER [sFH 18]: 41, M1 GARAND: 13, MG42: 8, BAZOOKA: 4, MK2 GRENADE: 1, GMC CCKW 353 (Supply): 1, GMC CCKW 353 (Transport): 1",http://178.18.254.195:8010/#/gamescoreboard/4812
WaTaHa || Kirkor,79,26,3.04,19,0.85,0.28,4,0,0,0,11.00,1.00,BaQu: 2,Toxic Avenger: 6,"STG44: 19, 76MM M1 GUN [Sherman M4A3E2(76)]: 16, 75MM CANNON [Sherman M4A3(75)W]: 15, M1 GARAND: 10, MG42: 5, SATCHEL: 4, COAXIAL M1919 [Sherman M4A3E2(76)]: 3, M1A1 THOMPSON: 2, UNKNOWN: 2, M1A1 AT MINE: 2, HULL M1919 [Sherman M4A3(75)W]: 1",http://178.18.254.195:8010/#/gamescoreboard/4790
WaTaHa || Sebinho,65,13,5,37,0.7,0.14,2,2,0,0,38.00,1.00,BaQu: 4,RoA Rdm.: 4,"155MM HOWITZER [M114]: 25, GEWEHR 43: 19, 76MM M1 GUN [Sherman M4A3E2(76)]: 12, M1A1 THOMPSON: 4, M1 GARAND: 2, M2 AP MINE: 1, M43 STIELHANDGRANATE: 1, COAXIAL M1919 [Sherman M4A3E2(76)]: 1",http://178.18.254.195:8010/#/gamescoreboard/4790
[ARC] Shifty,120,44,2.73,11,1.34,0.49,3,0,1,1,6.00,0.00,V olodymyr Z elenski: 4,Grzywacz: 8,"M1 GARAND: 104, BAZOOKA: 12, MK2 GRENADE: 2, UNKNOWN: 1, Opel Blitz (Supply): 1",http://178.18.254.195:8010/#/gamescoreboard/4784
[ARC] LaGrosseTruite,100,21,4.76,52,1.12,0.23,3,1,0,0,17.00,1.00,WaTaHa || OleÅ›: 2,Fudy: 8,"BROWNING M1919: 96, M1918A2 BAR: 3, M1 GARAND: 1",http://178.18.254.195:8010/#/gamescoreboard/4784
[KGrR]KoSaÂ®,85,30,2.83,11,0.97,0.34,4,0,1,1,14.00,0.00,[ARC] Shifty: 4,DaQtaZ: 5,"FG42 x4: 81, S-MINE: 3, UNKNOWN: 1",http://178.18.254.195:8010/#/gamescoreboard/4784
WaTaHa || OleÅ›,71,3,23.67,32,0.81,0.03,1,1,0,0,37.00,17.00,krsShin: 1,Konkordski: 5,"75MM CANNON [Sd.Kfz.171 Panther]: 43, COAXIAL MG34 [Sd.Kfz.171 Panther]: 18, STRAFING RUN: 5, HULL MG34 [Sd.Kfz.171 Panther]: 4, BOMBING RUN: 1",http://178.18.254.195:8010/#/gamescoreboard/4784
Fudy,66,33,2,11,0.75,0.37,6,0,0,0,11.00,0.00,[ARC] LaGrosseTruite: 8,Kuka: 7,"GEWEHR 43: 65, MP40: 1",http://178.18.254.195:8010/#/gamescoreboard/4784
WooDeN,66,2,33,64,2.65,0.08,1,2,0,0,21.00,2.00,[KGrR]KoSaÂ®: 1,Tony: 7,"150MM HOWITZER [sFH 18]: 63, KARABINER 98K: 2, M1A1 AT MINE: 1",http://178.18.254.195:8010/#/gamescoreboard/4783
S.S.O. | LANCPAMPARA,100,1,100,100,3.08,0.03,1,1,0,0,32.00,32.00,mariusz5467: 1,Medyk: 8,"150MM HOWITZER [sFH 18]: 96, FG42: 3, UNKNOWN: 1",http://178.18.254.195:8010/#/gamescoreboard/4742
S.S.O. | LANCPAMPARA,78,52,1.5,8,0.55,0.36,3,0,0,0,13.00,0.00,S.S.O. | Krzysiek071: 8,Slava Ukraini!!!: 10,"FG42: 44, M1A1 THOMPSON: 27, KARABINER 98K: 2, M43 STIELHANDGRANATE: 2, S-MINE: 1, FELDSPATEN: 1, M1918A2 BAR: 1",http://178.18.254.195:8010/#/gamescoreboard/4741
U2F | ðŸ…¿Î›ð“¢å„Î›NNâ—[DmC,88,0,88,88,1.33,0,0,6,0,0,0.00,167.00,,DixbeFloppin: 7,"75MM CANNON [Sd.Kfz.171 Panther]: 76, COAXIAL MG34 [Sd.Kfz.171 Panther]: 12",http://178.18.254.195:8010/#/gamescoreboard/4715
WaTaHa || Sebinho,73,2,36.5,69,1.07,0.03,1,1,1,1,19.00,11.00,Brabii: 1,krfawiec: 7,"155MM HOWITZER [M114]: 70, 75MM CANNON [Sherman M4A3(75)W]: 3",http://178.18.254.195:8010/#/gamescoreboard/4715
kepler,72,1,72,72,2.19,0.03,1,3,0,0,30.00,30.00,nassukka: 1,Leshiy: 6,150MM HOWITZER [sFH 18]: 72,http://178.18.254.195:8010/#/gamescoreboard/4710
Blue316i,97,24,4.04,13,0.88,0.22,3,0,0,0,18.00,1.00,Anonymouss: 2,Das: 7,"KARABINER 98K: 46, MP40: 31, M3 GREASE GUN: 20",http://178.18.254.195:8010/#/gamescoreboard/4693
S.S.O. | LANCPAMPARA,85,49,1.73,13,0.79,0.46,5,4,2,1,10.00,0.00,S.S.O. | KMS: 4,S.S.O. | KMS: 8,"M1918A2 BAR: 42, M1A1 THOMPSON: 27, FG42: 12, UNKNOWN: 3, MK2 GRENADE: 1",http://178.18.254.195:8010/#/gamescoreboard/4693
Borymling,73,26,2.81,13,0.83,0.3,4,0,0,0,13.00,1.00,Blue316i: 6,Lurthel: 7,"M1918A2 BAR: 56, BROWNING M1919: 15, MK2 GRENADE: 2",http://178.18.254.195:8010/#/gamescoreboard/4693
daddy mike,70,50,1.4,11,0.56,0.4,4,1,1,1,10.00,1.00,Lurthel: 3,Tasmorden: 4,"M1 GARAND: 34, KARABINER 98K x8: 17, M97 TRENCH GUN: 8, M1 CARBINE: 7, SATCHEL: 3, BAZOOKA: 1",http://178.18.254.195:8010/#/gamescoreboard/4693
Garviel Loken,80,10,8,27,0.91,0.11,3,3,0,0,17.00,3.00,panzerofthelake: 4,PixyMan: 7,"75MM CANNON [Sd.Kfz.161 Panzer IV]: 46, 75MM CANNON [Sd.Kfz.171 Panther]: 14, COAXIAL MG34 [Sd.Kfz.161 Panzer IV]: 9, 20MM KWK 30 [Sd.Kfz.121 Luchs]: 6, MG 42 [Sd.Kfz 251 Half-track]: 2, COAXIAL MG34 [Sd.Kfz.121 Luchs]: 2, Sherman M4A3(75)W: 1",http://178.18.254.195:8010/#/gamescoreboard/4678
McChicKen,70,4,17.5,47,0.95,0.05,2,8,2,2,41.00,3.00,Smakadin: 1,Kotas.exe: 6,"150MM HOWITZER [sFH 18]: 68, M2 AP MINE: 1, M1A1 AT MINE: 1",http://178.18.254.195:8010/#/gamescoreboard/4678
Tompork,73,25,2.92,10,0.84,0.29,3,0,0,0,15.00,1.00,kloda: 3,GlobiMajster: 6,M1 GARAND: 73,http://178.18.254.195:8010/#/gamescoreboard/4677
S.S.O. | Styks,119,2,59.5,90,1.37,0.02,2,3,0,0,60.00,2.00,dÅ¼ordÅ¼: 1,pyszaq: 7,155MM HOWITZER [M114]: 119,http://178.18.254.195:8010/#/gamescoreboard/4672
Dermonizek,69,9,7.67,33,0.95,0.12,3,1,0,0,19.00,1.00,Kapedani: 1,Nr9: 5,"155MM HOWITZER [M114]: 63, M1 GARAND: 3, BROWNING M1919: 3",http://178.18.254.195:8010/#/gamescoreboard/4672
S.S.O. | Zielony,65,5,13,51,0.75,0.06,4,4,0,0,19.00,1.00,lmaonade: 2,krewimrok: 5,"150MM HOWITZER [sFH 18]: 51, BOMBING RUN: 7, 75MM CANNON [Sd.Kfz.171 Panther]: 4, STRAFING RUN: 1, HULL MG34 [Sd.Kfz.171 Panther]: 1, COAXIAL MG34 [Sd.Kfz.171 Panther]: 1",http://178.18.254.195:8010/#/gamescoreboard/4672
S.S.O. | LANCPAMPARA,71,42,1.69,17,0.81,0.48,4,1,0,0,8.00,0.00,WaTaHa || Joy: 4,Sparrow007PL: 4,"M1 GARAND: 62, MK2 GRENADE: 5, BAZOOKA: 4",http://178.18.254.195:8010/#/gamescoreboard/4653
Helsing,90,14,6.43,36,1.03,0.16,3,1,0,0,29.00,1.00,Goghed: 4,Bruttallus: 5,"KARABINER 98K x8: 48, 88 KWK 36 L/56 [Sd.Kfz.181 Tiger 1]: 23, COAXIAL MG34 [Sd.Kfz.181 Tiger 1]: 11, STG44: 5, Sherman M4A3E2(76): 1, M43 STIELHANDGRANATE: 1, HULL MG34 [Sd.Kfz.181 Tiger 1]: 1",http://178.18.254.195:8010/#/gamescoreboard/4639
S.S.O. | LANCPAMPARA,81,42,1.93,29,0.93,0.48,8,2,2,2,17.00,0.00,DemoDrunk666: 4,Sracziczi: 5,"155MM HOWITZER [M114]: 32, BROWNING M1919: 23, M1 GARAND: 20, BAZOOKA: 2, 57MM CANNON [M1 57mm]: 2, COLT M1911: 1, M1918A2 BAR: 1",http://178.18.254.195:8010/#/gamescoreboard/4639
Tompork,78,28,2.79,22,0.88,0.32,4,2,2,2,16.00,1.00,slawkomir: 3,Feather191: 4,"KARABINER 98K: 43, M1 GARAND: 27, WALTHER P38: 5, M24 STIELHANDGRANATE: 2, MK2 GRENADE: 1",http://178.18.254.195:8010/#/gamescoreboard/4639
vego,81,9,9,65,0.93,0.1,5,5,0,0,20.00,0.00,Freak: 2,awofi: 5,"155MM HOWITZER [M114]: 63, M1 GARAND: 5, M1A1 THOMPSON: 5, BOMBING RUN: 4, STRAFING RUN: 3, M1903 SPRINGFIELD: 1",http://178.18.254.195:8010/#/gamescoreboard/4622
Chicken Boy,73,26,2.81,15,0.83,0.3,3,0,2,1,10.00,1.00,Senchou: 4,Rainbow Fox: 4,"BROWNING M1919: 68, M1 GARAND: 2, BAZOOKA: 1, UNKNOWN: 1, COLT M1911: 1",http://178.18.254.195:8010/#/gamescoreboard/4622
S.S.O. | LANCPAMPARA,66,38,1.74,12,0.76,0.44,5,9,8,2,7.00,1.00,Petrus: 4,o ÄÃ¡bel: 4,"FG42: 63, M43 STIELHANDGRANATE: 3",http://178.18.254.195:8010/#/gamescoreboard/4622
/WTHr/ Nikelele,99,31,3.19,10,1.12,0.35,3,0,0,0,10.00,1.00,Peter: 5,johnnysasaki: 7,"STG44: 95, M43 STIELHANDGRANATE: 4",http://178.18.254.195:8010/#/gamescoreboard/4620
S.S.O. | LANCPAMPARA,82,15,5.47,20,1.11,0.2,2,19,0,0,9.00,1.00,WaTaHa || Ponury: 10,WaTaHa || Ponury: 20,"150MM HOWITZER [sFH 18]: 48, STG44: 34",http://178.18.254.195:8010/#/gamescoreboard/4609
Michaster,65,20,3.25,10,0.85,0.26,3,0,0,0,10.00,1.00,Averrod: 2,Radi: 5,M1 GARAND: 65,http://178.18.254.195:8010/#/gamescoreboard/4607
tfDream,79,1,79,79,1.13,0.01,1,3,1,1,54.00,7.00,S.S.O. I M4ci3j: 1,Forefer: 8,"150MM HOWITZER [sFH 18]: 76, KARABINER 98K: 2, UNKNOWN: 1",http://178.18.254.195:8010/#/gamescoreboard/4554
KnightRider69,70,28,2.5,14,1.01,0.4,5,1,1,1,10.00,1.00,Wojtaszek935: 4,WaTaHa || Franuch_Do: 6,"M1 GARAND: 62, BAZOOKA: 7, MK2 GRENADE: 1",http://178.18.254.195:8010/#/gamescoreboard/4554
Purple,93,4,23.25,49,1.46,0.06,3,6,0,0,36.00,1.00,Brabii: 1,XIKmicicIX: 8,"150MM HOWITZER [sFH 18]: 92, KARABINER 98K: 1",http://178.18.254.195:8010/#/gamescoreboard/4551
ðŸ’›NikeleleðŸ’™,108,29,3.72,11,1.23,0.33,3,0,1,1,8.00,1.00,S.S.O. | mariomro9: 2,S.S.O. | Berr ãƒ… ðŸ„¿ðŸ…»: 6,"STG44: 60, MP40: 46, M43 STIELHANDGRANATE: 2",http://178.18.254.195:8010/#/gamescoreboard/4536
(WTH) Blank,86,25,3.44,11,0.98,0.28,2,0,1,1,8.00,0.00,therealplank: 3,HeavyStone.PL: 6,"GEWEHR 43: 80, M43 STIELHANDGRANATE: 3, MP40: 2, UNKNOWN: 1",http://178.18.254.195:8010/#/gamescoreboard/4536
KnightRider69,79,30,2.63,17,0.89,0.34,3,1,1,1,10.00,0.00,ðŸ’›NikeleleðŸ’™: 3,â˜… Cpt.Shoom: 7,"M1 GARAND: 70, BAZOOKA: 8, MK2 GRENADE: 1",http://178.18.254.195:8010/#/gamescoreboard/4536
MakeW@Rnot<3,73,1,73,72,2.12,0.03,1,2,0,0,26.00,26.00,WaTaHa || Ponury: 1,Shepherd Six: 5,"150MM HOWITZER [sFH 18]: 68, GEWEHR 43: 4, M1A1 AT MINE: 1",http://178.18.254.195:8010/#/gamescoreboard/4535
KnightRider69,73,26,2.81,19,0.58,0.21,3,1,1,1,17.00,1.00,Predus122: 4,Smoker: 3,"MP40: 45, 75MM CANNON [Sherman M4A3(75)W]: 16, COAXIAL MG34 [Sd.Kfz.234 Puma]: 3, COAXIAL M1919 [Sherman M4A3(75)W]: 3, S-MINE: 2, 75MM CANNON [Sd.Kfz.161 Panzer IV]: 1, Sherman M4A3E2(76): 1, 50mm KwK 39/1 [Sd.Kfz.234 Puma]: 1, COAXIAL MG34 [Sd.Kfz.161 Panzer IV]: 1",http://178.18.254.195:8010/#/gamescoreboard/4533
KnightRider69,90,5,18,41,1.03,0.06,1,2,0,0,21.00,6.00,Exibit: 2,The letter h: 5,"75MM CANNON [Sd.Kfz.161 Panzer IV]: 48, 88 KWK 36 L/56 [Sd.Kfz.181 Tiger 1]: 31, COAXIAL MG34 [Sd.Kfz.161 Panzer IV]: 6, COAXIAL MG34 [Sd.Kfz.181 Tiger 1]: 5",http://178.18.254.195:8010/#/gamescoreboard/4531
kurt,70,31,2.26,10,0.8,0.36,4,0,1,1,8.00,1.00,Sweter: 3,mateo170: 4,"PPSH 41 W/DRUM: 61, RG-42 GRENADE: 7, UNKNOWN: 2",http://178.18.254.195:8010/#/gamescoreboard/4531
Cpt.Danko,68,30,2.27,25,0.7,0.31,6,0,0,0,16.00,0.00,Peuciu: 5,S.S.O. | Towarzysz Z: 6,"KARABINER 98K x8: 32, M1A1 THOMPSON: 27, WALTHER P38: 5, COLT M1911: 2, M1903 SPRINGFIELD: 2",http://178.18.254.195:8010/#/gamescoreboard/4515
Mleczny Golem,71,20,3.55,10,0.82,0.23,3,3,0,0,10.00,1.00,Coach Luminal: 2,Zenek: 5,"M1A1 THOMPSON: 38, M1 GARAND: 14, BOMBING RUN: 10, HULL M1919 [Sherman M4A3(75)W]: 6, STRAFING RUN: 3",http://178.18.254.195:8010/#/gamescoreboard/4511
WaTaHa || Franuch_Do,71,21,3.38,22,0.82,0.24,4,0,0,0,15.00,0.00,S.S.O. | Majess: 4,S.S.O. | mariomro9: 4,"MG42: 70, FELDSPATEN: 1",http://178.18.254.195:8010/#/gamescoreboard/4511
S.S.O. | Mrowa_pawel,65,22,2.95,47,0.88,0.3,4,4,0,0,32.00,0.00,kowasl: 4,ã€Š-Voremin-ã€‹: 3,"76MM M1 GUN [Sherman M4A3E2(76)]: 43, M1 GARAND: 11, COAXIAL M1919 [Sherman M4A3E2(76)]: 7, M1A1 THOMPSON: 4",http://178.18.254.195:8010/#/gamescoreboard/4511
S.S.O. | LANCPAMPARA,65,16,4.06,44,0.88,0.22,4,1,0,0,28.00,1.00,Frost: 2,SÅ‚awecki: 4,"155MM HOWITZER [M114]: 47, M1918A2 BAR: 16, MK2 GRENADE: 2",http://178.18.254.195:8010/#/gamescoreboard/4497
S.S.O. | LANCPAMPARA,96,23,4.17,22,1.08,0.26,3,0,0,0,12.00,0.00,Åšlizki: 2,LEVY: 6,"STG44: 85, M1918A2 BAR: 5, M43 STIELHANDGRANATE: 4, MP40: 2",http://178.18.254.195:8010/#/gamescoreboard/4495
S.S.O. | Praktykant,79,21,3.76,9,0.97,0.26,2,0,1,1,9.00,1.00,kowasl: 3,kowasl: 5,"FG42 x4: 78, M2 AP MINE: 1",http://178.18.254.195:8010/#/gamescoreboard/4495
HungarianMerc,67,0,67,67,1.5,0,0,2,0,0,0.00,167.00,,NEMESIS: 5,122MM HOWITZER [M1938 (M-30)]: 67,http://178.18.254.195:8010/#/gamescoreboard/4492
Oficer Jebix,109,2,54.5,67,2.35,0.04,1,9,0,0,15.00,3.00,Xlzelda: 1,wupp44: 9,"155MM HOWITZER [M114]: 108, M1 CARBINE: 1",http://178.18.254.195:8010/#/gamescoreboard/4488
Faber,107,2,53.5,101,1.79,0.03,2,1,0,0,38.00,1.00,MrCapJr: 1,ReBus: 7,"155MM HOWITZER [M114]: 103, BROWNING M1919: 3, TELLERMINE 43: 1",http://178.18.254.195:8010/#/gamescoreboard/4484
Trein05,84,3,28,54,1.44,0.05,2,6,0,0,25.00,3.00,Blakuu: 1,Daddy cheesey: 5,"75MM CANNON [Sd.Kfz.161 Panzer IV]: 52, 75MM CANNON [Sd.Kfz.171 Panther]: 26, COAXIAL MG34 [Sd.Kfz.171 Panther]: 4, COAXIAL MG34 [Sd.Kfz.161 Panzer IV]: 2",http://178.18.254.195:8010/#/gamescoreboard/4484
[LL] Diamond Storm,98,4,24.5,34,1.11,0.05,1,4,0,0,38.00,6.00,Over_The_Rainbow: 2,kanikbk: 7,"76MM M1 GUN [Sherman M4A3E2(76)]: 62, 75MM CANNON [Sherman M4A3(75)W]: 22, COAXIAL M1919 [Sherman M4A3E2(76)]: 11, COAXIAL M1919 [Sherman M4A3(75)W]: 3",http://178.18.254.195:8010/#/gamescoreboard/4476
barnabson1983,86,6,14.33,85,1.12,0.08,5,13,0,0,56.00,1.00,Tenir: 1,AnsgarRex: 6,"155MM HOWITZER [M114]: 84, M1 GARAND: 1, TELLERMINE 43: 1",http://178.18.254.195:8010/#/gamescoreboard/4476
Ð¢ÐµRÐµh,84,4,21,82,0.95,0.05,2,5,0,0,66.00,3.00,showtek12: 3,Lucas AKA Bicki: 10,"155MM HOWITZER [M114]: 82, UNKNOWN: 1, M1 CARBINE: 1",http://178.18.254.195:8010/#/gamescoreboard/4476
Jawcik,80,4,20,30,0.92,0.05,1,1,0,0,13.00,11.00,Over_The_Rainbow: 2,AnsgarRex: 5,"37MM CANNON [Stuart M5A1]: 35, 75MM CANNON [Sherman M4A3(75)W]: 27, COAXIAL M1919 [Stuart M5A1]: 16, COAXIAL M1919 [Sherman M4A3(75)W]: 2",http://178.18.254.195:8010/#/gamescoreboard/4476
Omlecik,73,15,4.87,39,0.89,0.18,4,2,0,0,10.00,1.00,Kuciek: 3,Zwirek: 7,"155MM HOWITZER [M114]: 36, M1 GARAND: 17, BROWNING M1919: 10, M1 CARBINE: 4, BAZOOKA: 3, TELLERMINE 43: 3",http://178.18.254.195:8010/#/gamescoreboard/4476
KnightsCross,68,6,11.33,62,0.89,0.08,3,5,0,0,12.00,1.00,S.S.O. | Cichy86--PL: 2,WYDLentoisÃ¤ntÃ¤?: 5,"150MM HOWITZER [sFH 18]: 65, MP40: 3",http://178.18.254.195:8010/#/gamescoreboard/4471
S.S.O. | Cacer,71,3,23.67,49,1.38,0.06,1,0,0,0,32.00,3.00,Adi0_: 1,starszy sierÅ¼ant ma: 6,"50mm KwK 39/1 [Sd.Kfz.234 Puma]: 35, 75MM CANNON [Sd.Kfz.161 Panzer IV]: 19, COAXIAL MG34 [Sd.Kfz.234 Puma]: 14, COAXIAL MG34 [Sd.Kfz.161 Panzer IV]: 3",http://178.18.254.195:8010/#/gamescoreboard/4455
Siamciaramcia,94,1,94,55,1.68,0.02,1,4,0,0,41.00,41.00,W1111-2222_: 1,[SUTY]â˜­Reznofâ˜­: 7,150MM HOWITZER [sFH 18]: 94,http://178.18.254.195:8010/#/gamescoreboard/4453
Inm0ral,74,5,14.8,40,1.35,0.09,1,10,0,0,18.00,4.00,CGPL: 1,PanDzaku: 6,"155MM HOWITZER [M114]: 50, BOMBING RUN: 11, M1 GARAND: 7, STRAFING RUN: 5, TELLERMINE 43: 1",http://178.18.254.195:8010/#/gamescoreboard/4453
Pixelgamer1541,76,2,38,52,0.87,0.02,1,8,0,0,48.00,37.00,Doodo: 1,Sahn-UzarHerald: 6,"150MM HOWITZER [sFH 18]: 74, KARABINER 98K: 2",http://178.18.254.195:8010/#/gamescoreboard/4450
Pervert,70,21,3.33,15,0.8,0.24,2,2,3,1,11.00,1.00,Big R banditcamp.com: 3,IMDABES: 6,"GEWEHR 43: 58, M43 STIELHANDGRANATE: 9, KARABINER 98K: 2, MK2 GRENADE: 1",http://178.18.254.195:8010/#/gamescoreboard/4450
HLL.PL | Pascal,68,2,34,33,1.04,0.03,1,2,0,0,29.00,27.00,Osman90s: 1,Pawlik86: 5,"75MM CANNON [Sd.Kfz.171 Panther]: 42, 88 KWK 36 L/56 [Sd.Kfz.181 Tiger 1]: 26",http://178.18.254.195:8010/#/gamescoreboard/4446
AngryRemi,75,32,2.34,14,1.14,0.49,3,0,0,0,11.00,1.00,Noitatohtori: 3,Bonzo: 5,"GEWEHR 43: 37, MG42: 25, LUGER P08: 6, UNKNOWN: 5, M43 STIELHANDGRANATE: 2",http://178.18.254.195:8010/#/gamescoreboard/4434
WaTaHa || Kirkor,80,16,5,27,0.86,0.17,2,0,0,0,16.00,1.00,S.S.O. | Zielony: 3,Franz: 5,"M1903 SPRINGFIELD: 71, FG42 x4: 8, UNKNOWN: 1",http://178.18.254.195:8010/#/gamescoreboard/4393
WaTaHa || Lukar,77,25,3.08,17,0.83,0.27,3,0,1,1,14.00,1.00,S.S.O. | LANCPAMPARA: 4,S.S.O. | LANCPAMPARA: 8,"M1903 SPRINGFIELD: 63, MP40: 6, STRAFING RUN: 5, COLT M1911: 1, BOMBING RUN: 1, MK2 GRENADE: 1",http://178.18.254.195:8010/#/gamescoreboard/4393
CptFletâ„¢,72,7,10.29,31,0.89,0.09,4,6,1,1,19.00,1.00,Zi4rno: 1,WaTaHa || Misiu Yogi: 4,"75MM CANNON [Sd.Kfz.161 Panzer IV]: 30, 88 KWK 36 L/56 [Sd.Kfz.181 Tiger 1]: 15, HULL MG34 [Sd.Kfz.181 Tiger 1]: 10, 75MM CANNON [Sherman M4A3(75)W]: 10, Sd.Kfz.181 Tiger 1: 3, MP40: 2, HULL M1919 [Sherman M4A3(75)W]: 2",http://178.18.254.195:8010/#/gamescoreboard/4393
Î»Î» | Buffonator,66,2,33,42,0.76,0.02,1,1,1,1,68.00,2.00,Quexiuu: 1,PiÅ‚Sutki: 6,"75MM CANNON [Sd.Kfz.171 Panther]: 62, COAXIAL MG34 [Sd.Kfz.171 Panther]: 3, Sd.Kfz.234 Puma: 1",http://178.18.254.195:8010/#/gamescoreboard/4373
DonPablo,86,22,3.91,18,1.24,0.32,4,1,1,1,8.00,0.00,KoHcTaHTuH: 5,Tiszka: 8,"STG44: 84, UNKNOWN: 1, M43 STIELHANDGRANATE: 1",http://178.18.254.195:8010/#/gamescoreboard/4368
KoHcTaHTuH,82,17,4.82,50,1.18,0.24,3,0,0,0,19.00,1.00,pappeskemann: 3,DonPablo: 5,"155MM HOWITZER [M114]: 53, M1A1 THOMPSON: 15, M1 GARAND: 8, MK2 GRENADE: 2, SATCHEL: 1, UNKNOWN: 1, M3 GREASE GUN: 1, M97 TRENCH GUN: 1",http://178.18.254.195:8010/#/gamescoreboard/4368
WooDeN,90,2,45,89,1.41,0.03,1,8,0,0,62.00,0.00,Herki: 1,DigBee: 6,"155MM HOWITZER [M114]: 89, M1A1 THOMPSON: 1",http://178.18.254.195:8010/#/gamescoreboard/4353
WaTaHa || Sebinho,66,1,66,66,3.01,0.05,1,2,0,0,17.00,17.00,Parrot: 1,Remek(OOFFF): 6,150MM HOWITZER [sFH 18]: 66,http://178.18.254.195:8010/#/gamescoreboard/4352
mwalinski,65,17,3.82,14,0.85,0.22,3,2,0,0,17.00,0.00,Vodkenstein: 5,Vodkenstein: 6,"SCOPED MOSIN NAGANT 91/30: 37, SCOPED SVT40: 27, NAGANT M1895: 1",http://178.18.254.195:8010/#/gamescoreboard/4201
[ARC] Shifty,88,30,2.93,25,1.65,0.56,3,0,1,1,11.00,0.00,BilboBaggins91: 4,AverageClaw716: 4,"GEWEHR 43: 42, MG42: 35, UNKNOWN: 3, LUGER P08: 3, M43 STIELHANDGRANATE: 3, GMC CCKW 353 (Transport): 2",http://178.18.254.195:8010/#/gamescoreboard/4200
[ARC] Zarkhen,68,22,3.09,8,1.31,0.42,3,1,0,0,6.00,1.00,Cubensis: 3,BilboBaggins91: 4,"GEWEHR 43: 67, UNKNOWN: 1",http://178.18.254.195:8010/#/gamescoreboard/4200
â™¥Dalkerâ™¥,87,3,29,45,0.88,0.03,1,5,0,0,34.00,30.00,Dope: 1,wulfila: 6,"76MM ZiS-5 [T34/76]: 56, COAXIAL DT [T34/76]: 21, HULL DT [T34/76]: 4, PPSH 41: 3, 122MM HOWITZER [M1938 (M-30)]: 2, T34/76: 1",http://178.18.254.195:8010/#/gamescoreboard/4186
Jezus Ipanienko,68,22,3.09,20,0.69,0.22,4,0,1,1,30.00,1.00,Misiozaurus: 5,SinfulProphet: 8,KARABINER 98K x8: 68,http://178.18.254.195:8010/#/gamescoreboard/4186
Cybran M,66,17,3.88,18,0.67,0.17,3,0,0,0,18.00,1.00,S.S.O. | MadsVoorten: 3,STABinski: 4,"DP-27: 45, SCOPED MOSIN NAGANT 91/30: 20, UNKNOWN: 1",http://178.18.254.195:8010/#/gamescoreboard/4186
Jamale1,66,3,22,33,0.67,0.03,2,1,0,0,26.00,20.00,KUBUÅš: 1,pawellus84: 4,"D-5T 85MM [IS-1]: 45, COAXIAL DT [IS-1]: 12, 76MM ZiS-5 [T34/76]: 9",http://178.18.254.195:8010/#/gamescoreboard/4186
WaTaHa || AngryRemi,72,30,2.4,13,1.55,0.65,5,0,0,0,4.00,0.00,Yu: 5,rafal_80: 7,"M1918A2 BAR: 67, M1A1 THOMPSON: 4, MK2 GRENADE: 1",http://178.18.254.195:8010/#/gamescoreboard/4185
NEXT,128,0,128,128,2.7,0,0,4,0,0,0.00,167.00,,Wolfe Tone: 10,"150MM HOWITZER [sFH 18]: 127, TELLERMINE 43: 1",http://178.18.254.195:8010/#/gamescoreboard/4184
Jedlina,99,2,49.5,71,1.6,0.03,2,2,0,0,20.00,11.00,Airwolf: 1,Jimmy Dingle: 7,"75MM CANNON [Sherman M4A1]: 64, COAXIAL M1919 [Sherman M4A1]: 33, S-MINE: 1, TELLERMINE 43: 1",http://178.18.254.195:8010/#/gamescoreboard/4182
Ruul Koekbaard,91,11,8.27,23,1.5,0.18,2,0,0,0,14.00,1.00,kylpykuula: 2,outobot: 7,"FG42 x4: 90, S-MINE: 1",http://178.18.254.195:8010/#/gamescoreboard/4182
WaTaHa || McPremier,66,1,66,47,1.09,0.02,1,2,0,0,47.00,47.00,Ruul Koekbaard: 1,PAPARAS: 3,"BOMBING RUN: 58, STRAFING RUN: 8",http://178.18.254.195:8010/#/gamescoreboard/4182
WaTaHa || McPremier,96,5,19.2,38,1.21,0.06,2,1,1,1,31.00,1.00,duman: 1,[KGrR]krysalkiz (pyr: 7,"76MM M1 GUN [Sherman M4A3E2(76)]: 55, COAXIAL M1919 [Sherman M4A3E2(76)]: 19, 75MM CANNON [Sherman M4A1]: 16, COAXIAL M1919 [Sherman M4A1]: 3, Sd.Kfz 251 Half-track: 2, M1 GARAND: 1",http://178.18.254.195:8010/#/gamescoreboard/4161
S.S.O. | Cichy86--PL,81,1,81,77,2.0,0.02,1,0,1,1,26.00,14.00,Menkhu: 1,Derkaderka: 9,"150MM HOWITZER [sFH 18]: 76, MG42: 4, UNKNOWN: 1",http://178.18.254.195:8010/#/gamescoreboard/4161
S.S.O. | delete,76,4,19,53,1.12,0.06,2,4,0,0,21.00,2.00,[KGrR] JÃ¼rgen: 2,[KGrR] Falap_!!!: 9,"76MM M1 GUN [Sherman M4A3E2(76)]: 64, COAXIAL M1919 [Sherman M4A3E2(76)]: 9, TELLERMINE 43: 2, COAXIAL M1919 [Stuart M5A1]: 1",http://178.18.254.195:8010/#/gamescoreboard/4161
WeiÃŸschnee,127,1,127,75,4.92,0.04,1,0,0,0,15.00,15.00,oleÅ›: 1,Vladimir.mbf: 7,MP40: 127,http://178.18.254.195:8010/#/gamescoreboard/4143
oleÅ›,105,27,3.89,16,0.85,0.22,3,16,0,0,13.00,1.00,[KGrR]Flg. Klaus: 3,[KGrR]POGMETHEUS: 9,"BOMBING RUN: 50, STRAFING RUN: 36, M1A1 THOMPSON: 19",http://178.18.254.195:8010/#/gamescoreboard/4143
[KGrR]krysalkiz (pyr,92,21,4.38,17,0.75,0.17,3,0,1,1,18.00,1.00,WaTaHa || ZekPe: 6,OsamaBinShopping: 7,MG42: 92,http://178.18.254.195:8010/#/gamescoreboard/4143
[KGrR]Flg. Klaus,71,41,1.73,11,0.58,0.34,7,0,2,1,12.00,0.00,WaTaHa || ZekPe: 4,WaTaHa || Misiu Yogi: 4,"STG44: 39, GEWEHR 43: 29, UNKNOWN: 2, M43 STIELHANDGRANATE: 1",http://178.18.254.195:8010/#/gamescoreboard/4143
[KGrR]Ajik,68,30,2.27,9,0.56,0.25,4,2,2,1,17.00,0.00,Piggo-Sensei: 3,Raven: 7,"STG44: 63, M43 STIELHANDGRANATE: 3, SATCHEL: 1, UNKNOWN: 1",http://178.18.254.195:8010/#/gamescoreboard/4143
WaTaHa || ZekPe,67,53,1.26,8,0.54,0.43,3,0,0,0,13.00,1.00,[KGrR] EbeBE: 4,[KGrR]krysalkiz (pyr: 6,"M1 GARAND: 48, BAZOOKA: 9, 57MM CANNON [M1 57mm]: 9, M3 KNIFE: 1",http://178.18.254.195:8010/#/gamescoreboard/4143
lethal,74,0,74,74,2.59,0,0,8,0,0,0.00,167.00,,iron420: 6,150MM HOWITZER [sFH 18]: 74,http://178.18.254.195:8010/#/gamescoreboard/4111
Zygmunt,68,8,8.5,28,1.25,0.15,2,0,0,0,16.00,2.00,Darkovsky: 2,Balders sack: 6,"KARABINER 98K x8: 66, UNKNOWN: 1, WALTHER P38: 1",http://178.18.254.195:8010/#/gamescoreboard/4069
WaTaHa || Joy,80,0,80,80,1.48,0,0,6,0,0,0.00,167.00,,Godziemniok: 5,"76MM M1 GUN [Sherman M4A3E2(76)]: 71, COAXIAL M1919 [Sherman M4A3E2(76)]: 9",http://178.18.254.195:8010/#/gamescoreboard/4047
PixelMaster_Cz,70,12,5.83,23,1.01,0.17,2,0,1,1,13.00,1.00,gigachad: 2,slavic2299: 5,"M1 GARAND: 68, MK2 GRENADE: 2",http://178.18.254.195:8010/#/gamescoreboard/4035
[AVC] Knacki,69,26,2.65,15,0.97,0.37,6,2,0,0,10.00,0.00,GeT_LeNiN: 3,| kazik12bbsp: 5,"BROWNING M1919: 60, M1 GARAND: 4, M3 GREASE GUN: 2, M3 KNIFE: 1, COLT M1911: 1, Opel Blitz (Supply): 1",http://178.18.254.195:8010/#/gamescoreboard/4035
Bury McCockiner,76,11,6.91,34,1.31,0.19,3,0,0,0,14.00,1.00,Hubal: 2,Magneto91: 5,"M1 GARAND: 57, BROWNING M1919: 17, M8 Greyhound: 1, M97 TRENCH GUN: 1",http://178.18.254.195:8010/#/gamescoreboard/4031
Krzysieg,72,11,6.55,60,1.04,0.16,3,2,0,0,37.00,1.00,sliskiantonio: 4,wojwenPL: 6,"150MM HOWITZER [sFH 18]: 62, KARABINER 98K: 6, STG44: 3, UNKNOWN: 1",http://178.18.254.195:8010/#/gamescoreboard/4020
Mega Kret 4040,66,9,7.33,20,0.93,0.13,3,0,0,0,15.00,2.00,SOSnaPL_1: 3,Amper_PL: 5,"BOMBING RUN: 54, STRAFING RUN: 7, M1 GARAND: 5",http://178.18.254.195:8010/#/gamescoreboard/4020
WaTaHa||KOMORNIK_CTU,90,3,30,55,1.15,0.04,2,5,0,0,54.00,6.00,Mulin: 1,Vodkenstein: 5,"88 KWK 36 L/56 [Sd.Kfz.181 Tiger 1]: 64, COAXIAL MG34 [Sd.Kfz.181 Tiger 1]: 25, Sherman M4A1: 1",http://178.18.254.195:8010/#/gamescoreboard/4018
GregMeister,74,23,3.22,20,0.94,0.29,6,3,0,0,10.00,1.00,Kaszkamanna: 4,babsior: 5,"M1 GARAND: 40, BOMBING RUN: 29, STRAFING RUN: 4, Sd.Kfz.121 Luchs: 1",http://178.18.254.195:8010/#/gamescoreboard/4018
[DC] Vadiii,68,23,2.96,13,1.15,0.39,4,4,1,1,6.00,1.00,[BST2] Dryvv: 7,Pan Kotowski: 6,"STG44: 60, SATCHEL: 8",http://178.18.254.195:8010/#/gamescoreboard/4018
[BST2] Dryvv,65,19,3.42,13,1.38,0.4,2,0,0,0,7.00,1.00,[DC] Vadiii: 6,[DC] Vadiii: 7,M1 GARAND: 65,http://178.18.254.195:8010/#/gamescoreboard/4018
[StDb]marsmyk,89,11,8.09,29,1.61,0.2,1,0,0,0,12.00,2.00,Kowal26_PL: 2,rafalg: 6,"MG42: 77, MP40: 4, STG44: 3, GEWEHR 43: 3, UNKNOWN: 1, M43 STIELHANDGRANATE: 1",http://178.18.254.195:8010/#/gamescoreboard/4005
Elvis Joni,71,7,10.14,50,1.08,0.11,2,2,1,1,9.00,0.00,benoss: 3,RaZoR: 5,"155MM HOWITZER [M114]: 55, M3 GREASE GUN: 16",http://178.18.254.195:8010/#/gamescoreboard/3977
GalaxhjÃ¤lteN,72,19,3.79,21,0.94,0.25,4,0,0,0,11.00,1.00,S.S.O. | Majess: 4,Kappa2: 6,"FG42 x4: 53, KARABINER 98K x8: 16, S-MINE: 3",http://178.18.254.195:8010/#/gamescoreboard/3941
Sharpe,99,1,99,71,2.05,0.02,1,7,0,0,23.00,23.00,PershingPL: 1,Gumi â„¢: 6,"150MM HOWITZER [sFH 18]: 98, M1A1 AT MINE: 1",http://178.18.254.195:8010/#/gamescoreboard/3930
Absalom,68,3,22.67,66,1.22,0.05,2,5,0,0,9.00,1.00,M1NIO: 1,[2nd_Rngr]Kaitoä¼šã¨: 6,"150MM HOWITZER [sFH 18]: 66, KARABINER 98K: 2",http://178.18.254.195:8010/#/gamescoreboard/3928
S.S.O. | delete,72,26,2.77,22,0.82,0.3,3,0,0,0,14.00,0.00,Mezjasz: 3,kubunik466413: 7,"M1 GARAND: 64, BAZOOKA: 5, M1A1 THOMPSON: 2, M3 Half-track: 1",http://178.18.254.195:8010/#/gamescoreboard/3927
Drw,78,32,2.44,14,1.0,0.41,4,0,2,1,9.00,0.00,Piter: 3,ZeKusKus: 6,"M1 GARAND: 74, UNKNOWN: 2, MK2 GRENADE: 2",http://178.18.254.195:8010/#/gamescoreboard/3920
WaTaHa || AngryRemi,75,26,2.88,13,0.97,0.34,2,2,0,0,13.00,1.00,Benjatofi_19: 2,BAD BOY: 4,"MG42: 57, MP40: 9, SATCHEL: 4, GMC CCKW 353 (Transport): 3, S-MINE: 2",http://178.18.254.195:8010/#/gamescoreboard/3908
HLL.PL | karl,73,26,2.81,9,1.12,0.4,2,0,0,0,8.00,0.00,ANA: 4,GregMeister: 6,"M1918A2 BAR: 37, M1 GARAND: 30, M3 GREASE GUN: 3, UNKNOWN: 1, M1 CARBINE: 1, MK2 GRENADE: 1",http://178.18.254.195:8010/#/gamescoreboard/3908
Clauwert Klompvoet,73,13,5.62,17,1.1,0.2,1,1,1,1,9.00,1.00,^7*^9Sarrafo^7*: 2,HankStamper: 8,MG42: 73,http://178.18.254.195:8010/#/gamescoreboard/3883
S.S.O. | Zielony,73,15,4.87,56,0.85,0.17,4,1,0,0,16.00,0.00,NZN I Czarny: 3,Petroley: 7,"155MM HOWITZER [M114]: 55, M1A1 THOMPSON: 17, TELLERMINE 43: 1",http://178.18.254.195:8010/#/gamescoreboard/3882
sylvan76,72,14,5.14,16,0.91,0.18,2,2,0,0,17.00,1.00,WaTaHa || Lukar: 2,Dudek80: 7,"M1 GARAND: 44, BOMBING RUN: 16, STRAFING RUN: 12",http://178.18.254.195:8010/#/gamescoreboard/3856
WaTaHa || AngryRemi,66,15,4.4,12,1.35,0.31,3,0,0,0,10.00,0.00,juibe: 4,ASH: 4,"KARABINER 98K x8: 64, UNKNOWN: 1, M43 STIELHANDGRANATE: 1",http://178.18.254.195:8010/#/gamescoreboard/3831
Markewka :D,92,10,9.2,40,1.69,0.18,6,0,1,1,13.00,2.00,S.S.O. | Mrowa_pawel: 2,gamewot: 6,"75MM CANNON [Sherman M4A1]: 59, M6 37mm [M8 Greyhound]: 19, COAXIAL M1919 [Sherman M4A1]: 12, COAXIAL M1919 [M8 Greyhound]: 2",http://178.18.254.195:8010/#/gamescoreboard/3830
Axel'ova,72,8,9,42,1.19,0.13,3,6,1,1,14.00,2.00,TjizzL: 3,ZULUbandulu: 5,"150MM HOWITZER [sFH 18]: 70, M1A1 AT MINE: 1, GMC CCKW 353 (Transport): 1",http://178.18.254.195:8010/#/gamescoreboard/3800
WaTaHa || AngryRemi,82,30,2.73,15,1.11,0.41,4,0,2,1,10.00,0.00,S.S.O.| MyszojeleÅ„: 5,S.S.O. |KRYSTIAN-EDI: 9,"M1918A2 BAR: 75, MK2 GRENADE: 7",http://178.18.254.195:8010/#/gamescoreboard/3745
WaTaHa || Kirkor,68,2,34,37,0.91,0.03,1,2,0,0,30.00,7.00,Umaniac: 1,sanjaya z lehi: 4,"76MM M1 GUN [Sherman M4A3E2(76)]: 29, 75MM CANNON [Sherman M4A1]: 23, COAXIAL M1919 [Sherman M4A1]: 8, COAXIAL M1919 [Sherman M4A3E2(76)]: 7, HULL M1919 [Sherman M4A3E2(76)]: 1",http://178.18.254.195:8010/#/gamescoreboard/3745
[ESPR] Swath,78,0,78,78,1.99,0,0,8,0,0,0.00,167.00,,Piston: 7,155MM HOWITZER [M114]: 78,http://178.18.254.195:8010/#/gamescoreboard/3701
S.S.O. | LANCPAMPARA,80,6,13.33,29,1.43,0.11,1,1,0,0,13.00,2.00,KniaÅº: 4,sastek: 4,"37MM CANNON [Stuart M5A1]: 27, 76MM M1 GUN [Sherman M4A3E2(76)]: 14, COAXIAL M1919 [Sherman M4A3E2(76)]: 10, M6 37mm [M8 Greyhound]: 9, BOMBING RUN: 5, COAXIAL M1919 [M8 Greyhound]: 4, BROWNING M1919: 3, 75MM CANNON [Sherman M4A1]: 2, COAXIAL M1919 [Stuart M5A1]: 2, Sd.Kfz.161 Panzer IV: 1, COLT M1911: 1, COAXIAL M1919: 1, COAXIAL M1919 [Sherman M4A1]: 1",http://178.18.254.195:8010/#/gamescoreboard/3624
WaTaHa || Joy,76,2,38,76,1.36,0.04,2,1,0,0,43.00,7.00,WaTaHa || FunnyDeadC: 2,YoxaN: 5,"76MM M1 GUN [Sherman M4A3E2(76)]: 54, COAXIAL M1919 [Sherman M4A3E2(76)]: 15, STRAFING RUN: 7",http://178.18.254.195:8010/#/gamescoreboard/3624
